filename,brightness,contrast,sharpness,mask_area_ratio,defect_count,category_id
scratch/Scr_0007.jpg,40.955577256944444,30.496126874405,53.47957997350288,0.013694033148919225,3,1
scratch/Scr_0016.jpg,42.90596788194444,30.593836280501826,55.22901919545316,0.050091935476025105,3,1
scratch/Scr_0254.jpg,66.94255304783951,75.07189228845232,117.21399408906721,0.08619057640381467,6,1
scratch/Scr_0393.jpg,48.06249710648148,26.89338644618376,30.50015135243712,0.15186820608166587,8,1
scratch/Scr_0097.jpg,74.69353925540123,79.4745125094922,113.80297733707344,0.034980975281415874,5,1
scratch/Scr_0232.jpg,71.71089940200618,73.25603911101051,123.9331328267853,0.037793065000449585,6,1
scratch/Scr_0369.jpg,38.54445360725309,24.307741591286867,52.61668399312606,0.060908833832649806,4,1
scratch/Scr_0399.jpg,40.376755883487654,27.741956676339193,10.331111748488008,0.038847880343405,1,1
scratch/Scr_0281.jpg,34.379982156635805,26.84566768218199,102.9557111680659,0.0438013025282344,5,1
scratch/Scr_0308.jpg,84.63384548611111,87.83144183653665,158.81714907449253,0.0054097743262521624,1,1
scratch/Scr_0251.jpg,67.39708285108024,75.0147256009126,120.34837454501292,0.08320557916930135,6,1
scratch/Scr_0221.jpg,43.19302035108025,32.041600963662745,119.70229888664817,0.1683366455422518,12,1
scratch/Scr_0058.jpg,65.55593460648149,67.83899256485799,54.50725565500143,0.03492221226369034,3,1
scratch/Scr_0287.jpg,92.50076292438271,89.65235443675616,102.51212116005966,0.008647527658492936,1,1
scratch/Scr_0391.jpg,35.14854552469136,22.40674487001616,16.85307114332955,0.14416881786515914,7,1
scratch/Scr_0118.jpg,75.51224681712964,79.82958548343358,67.40217390877935,0.013448608967428374,2,1
scratch/Scr_0061.jpg,65.47184895833334,67.82479502776975,56.90924961084274,0.05276090333854952,4,1
scratch/Scr_0077.jpg,72.98990306712963,80.22360916824077,87.19581973910904,0.0014037960950711067,1,1
scratch/Scr_0038.jpg,74.40427035108024,77.12032637479763,68.93670672399132,0.04461103110445923,6,1
scratch/Scr_0392.jpg,36.90156491126543,24.222312301950314,23.658448774924363,0.14863994840296096,7,1
scratch/Scr_0042.jpg,74.85570216049383,77.0567553084473,66.12467539424185,0.054708220038415314,6,1
scratch/Scr_0326.jpg,81.66356819058642,88.35886325186358,88.2877524283443,0.09815791293282154,6,1
scratch/Scr_0330.jpg,68.92750916280865,77.23783828788095,147.3207434514885,0.005465101169438629,2,1
scratch/Scr_0374.jpg,35.01754388503086,24.71896198824176,71.31614601728909,0.07071926999791649,5,1
scratch/Scr_0364.jpg,42.30166570216049,26.281249273779967,52.35680137479993,0.044514157868956385,3,1
scratch/Scr_0001.jpg,81.7262750771605,77.10905603358391,126.51617111185092,0.00044898627221212037,3,1
scratch/Scr_0245.jpg,63.25537760416667,76.04329111511437,133.35712890398742,0.07951349644689495,5,1
scratch/Scr_0167.jpg,88.13906635802469,80.64637946187584,120.37261955836843,0.07071791286091222,5,1
scratch/Scr_0189.jpg,31.407507716049384,32.72079000768155,129.78312985349757,0.07038300722162766,3,1
scratch/Scr_0108.jpg,85.52439863040124,88.75455256320367,83.6955889783736,0.007933357820263491,2,1
scratch/Scr_0170.jpg,35.63565007716049,31.24825950248514,63.722596828158736,0.01986805473977776,1,1
scratch/Scr_0106.jpg,86.51196180555556,88.47624929048716,86.35691228307168,0.002216413884320533,1,1
scratch/Scr_0360.jpg,44.570922067901236,24.757235368372132,43.659512291419695,0.01936988737704116,3,1
scratch/Scr_0250.jpg,66.36181182484567,74.5028706535894,106.72273887986528,0.08357792126704917,7,1
scratch/Scr_0327.jpg,72.70236545138889,82.89705647151945,63.26730245335837,0.10583338473488799,5,1
scratch/Scr_0284.jpg,37.070727237654324,31.878288873107643,122.85308268811308,0.06385822561440764,9,1
scratch/Scr_0197.jpg,35.756568287037034,31.190842776364498,115.88705617240393,0.09547802830162802,7,1
scratch/Scr_0102.jpg,76.22051456404321,78.98233790152763,118.01381011320984,0.037211423688083,8,1
scratch/Scr_0057.jpg,77.10879774305556,80.67444374642879,67.73748812474007,0.02478877749140958,2,1
scratch/Scr_0163.jpg,87.85728877314814,80.82327937796455,42.63357905486073,0.06062160730855932,4,1
scratch/Scr_0165.jpg,85.51672743055556,82.12702538452838,120.23310842377713,0.07029280459360247,4,1
scratch/Scr_0253.jpg,67.79730131172839,74.87765126780987,119.7920980746099,0.08514086080510383,6,1
scratch/Scr_0338.jpg,43.10146363811728,28.404512354989276,77.53500275861947,0.04604141075415094,4,1
scratch/Scr_0024.jpg,77.1454224537037,80.3122970530832,93.72588817146205,0.013579073364347403,2,1
scratch/Scr_0037.jpg,74.38630883487654,77.10750290908481,66.71683513688453,0.04015751339809282,4,1
scratch/Scr_0046.jpg,66.8489877507716,78.83022397279318,58.531538902507116,0.01968050953964513,2,1
scratch/Scr_0020.jpg,40.54400318287037,31.01015131271515,59.16621064524548,0.06437050627290829,5,1
scratch/Scr_0304.jpg,72.76979456018519,79.48237182421455,97.35602734458345,0.06840670854265592,5,1
scratch/Scr_0361.jpg,43.79685040509259,25.128092774893666,46.759214663113454,0.02586302828712529,3,1
scratch/Scr_0282.jpg,34.99098861882716,27.994275394579166,103.95230626624995,0.05075897273241574,7,1
scratch/Scr_0229.jpg,70.39960551697531,73.54079228468926,126.70508276633225,0.029083826017800664,5,1
scratch/Scr_0059.jpg,66.34861062885803,67.49720447349432,54.398375630629445,0.043233327888771926,5,1
scratch/Scr_0303.jpg,74.5211294367284,79.6017610107719,102.93413887139883,0.057343818472460346,5,1
scratch/Scr_0223.jpg,66.99953269675926,74.06358726004032,80.96580021188996,0.009446612600540092,4,1
scratch/Scr_0359.jpg,43.560823688271604,24.399455410347535,45.037094370082194,0.01591769363271535,4,1
scratch/Scr_0121.jpg,75.27768759645062,80.06900354892113,68.93371614027377,0.02229986931239722,2,1
scratch/Scr_0036.jpg,73.1301171875,77.77933419186628,69.41466599945691,0.030117533450213157,7,1
scratch/Scr_0047.jpg,74.94645640432098,77.03953864504903,68.08204875117075,0.07669539322423427,13,1
scratch/Scr_0179.jpg,35.03820167824074,27.749878166563075,67.62719540412807,0.02504690677001305,5,1
scratch/Scr_0341.jpg,42.53464602623457,27.568653719420592,63.6865345260827,0.053601982557583056,3,1
scratch/Scr_0129.jpg,69.7088175154321,79.42471015938713,72.88839606789585,0.052325736077815314,4,1
scratch/Scr_0148.jpg,87.60829137731481,80.7216469940073,50.242339441163324,0.005021910545251402,1,1
scratch/Scr_0095.jpg,73.82257330246914,80.0879732361489,110.58964744307265,0.031932081760621234,5,1
scratch/Scr_0054.jpg,65.2805434992284,67.88863651663729,53.53784622848483,0.017599531991300314,2,1
scratch/Scr_0379.jpg,76.65422309027778,79.63052882354118,75.47330504754882,0.006769732297682273,1,1
scratch/Scr_0227.jpg,49.37640480324074,71.68393471361053,88.91679632630314,0.02125448979927276,4,1
scratch/Scr_0314.jpg,72.37589313271604,85.11138932287535,135.43656249285175,0.01933079496518868,2,1
scratch/Scr_0390.jpg,75.41339650848765,79.23678826658985,62.8023139413337,0.008164284459541772,1,1
scratch/Scr_0085.jpg,72.63898919753086,80.36426888155688,96.43320582081614,0.016365856756556406,3,1
scratch/Scr_0137.jpg,75.9251986882716,79.85734655897159,75.99318672124681,0.06863350832824533,5,1
scratch/Scr_0220.jpg,40.30749758873457,30.01072459921295,116.02899601931868,0.16499598006607685,7,1
scratch/Scr_0142.jpg,75.08959731867284,80.37948335806358,75.89818353685824,0.08917771195810606,11,1
scratch/Scr_0013.jpg,73.52867428626543,79.84343592765055,50.33752426168183,0.010831118458851933,2,1
scratch/Scr_0286.jpg,91.95409336419753,89.90624579212607,100.71018019084957,0.005304796829331551,2,1
scratch/Scr_0299.jpg,78.53545138888889,83.85275310488302,97.70822135449026,0.042262330466267185,4,1
scratch/Scr_0090.jpg,77.26591917438272,79.61881025078439,154.29944913685262,0.03659049658751087,8,1
scratch/Scr_0187.jpg,35.9258309220679,30.72668091027604,117.00587782700195,0.06360014743521879,3,1
scratch/Scr_0198.jpg,33.888324652777776,30.01876287084188,118.03555386736839,0.10046763208228071,6,1
scratch/Scr_0086.jpg,72.42544174382716,80.30157839642303,96.57452855987967,0.02007835645290579,4,1
scratch/Scr_0398.jpg,36.29930941358025,27.781598940398073,5.941672332368074,0.0016545506291036642,1,1
scratch/Scr_0267.jpg,40.86688898533951,27.299703208097593,60.97777207814822,0.0009900997659986713,1,1
scratch/Scr_0317.jpg,67.70713879243827,82.47070281899468,103.61309416676914,0.030971291971163314,3,1
scratch/Scr_0329.jpg,78.60911554783951,78.68684183263116,169.46958296448767,0.07768538610823478,9,1
scratch/Scr_0140.jpg,75.02527729552469,80.35096565300775,77.63178710409825,0.08164394125003993,6,1
scratch/Scr_0358.jpg,44.3117684220679,24.016950495012054,43.90663813576823,0.013193778792424097,3,1
scratch/Scr_0067.jpg,67.0029509066358,67.31892907838414,57.027310680476035,0.06757607241242539,5,1
scratch/Scr_0231.jpg,68.91425636574074,74.13748096341129,124.87628707700058,0.03375975209479656,9,1
scratch/Scr_0334.jpg,80.35501543209877,78.96057999051192,82.63886918365566,0.0005783879297154857,1,1
scratch/Scr_0244.jpg,64.48333526234568,74.97597143420396,123.36424385553168,0.07192747188527579,5,1
scratch/Scr_0119.jpg,75.42928530092593,80.01740080343272,68.69273765914886,0.01541058953753499,3,1
scratch/Scr_0237.jpg,66.7264313271605,74.27270986198745,122.16536850413996,0.05305784751348513,5,1
scratch/Scr_0204.jpg,37.47914351851852,30.4815457066171,139.0323430345007,0.12238462669917455,11,1
scratch/Scr_0144.jpg,87.83868103780864,80.47124439089876,47.536999613376786,0.002078297491682706,2,1
scratch/Scr_0388.jpg,45.1228231095679,26.459154101748084,33.31389452409064,0.14654002645476755,8,1
scratch/Scr_0273.jpg,35.64942370756173,28.000737698093044,84.74004156358303,0.01553772933779873,2,1
scratch/Scr_0082.jpg,74.34764756944445,79.4739855815915,92.98237956541082,0.013395026287509541,2,1
scratch/Scr_0215.jpg,43.87445553626543,30.04384241857288,107.36792472170721,0.15359124514672648,8,1
scratch/Scr_0075.jpg,54.54594618055555,65.32781482283941,58.456904738568234,0.0018064604268608706,3,1
scratch/Scr_0166.jpg,88.25580873842593,80.60319697100867,120.65511687722719,0.07048520654194577,5,1
scratch/Scr_0247.jpg,71.86482349537037,72.58969611679078,114.75967946449887,0.08180435651326666,5,1
scratch/Scr_0217.jpg,42.70795572916666,30.42849651005185,111.54001434702941,0.1577083164890326,6,1
scratch/Scr_0269.jpg,39.42748263888889,26.878065567867967,69.26211947927291,0.0022929256837305625,1,1
scratch/Scr_0381.jpg,41.85806230709876,26.66882656015549,31.70197528628545,0.10107734081848745,6,1
scratch/Scr_0389.jpg,43.432176890432096,27.002336499889736,33.49788444250054,0.1483448479236099,7,1
scratch/Scr_0298.jpg,81.49097511574074,89.77551623656755,109.4376546690993,0.037028382201142546,3,1
scratch/Scr_0035.jpg,69.08015287422839,80.14243265318312,73.61752492216878,0.014062615341916057,3,1
scratch/Scr_0143.jpg,74.96406925154321,80.4117534628905,75.77311266988788,0.10713446519027811,6,1
scratch/Scr_0279.jpg,30.8597868441358,28.538695198674315,84.59070033753225,0.0230651921573661,2,1
scratch/Scr_0342.jpg,42.232959104938274,28.743698751250655,65.57391540805284,0.0581281753017653,3,1
scratch/Scr_0372.jpg,38.09458670910494,24.307188945471452,52.96709511688401,0.06527709513038672,5,1
scratch/Scr_0313.jpg,81.11235098379629,87.3974704534757,174.6517562798373,0.018089206653979242,2,1
scratch/Scr_0377.jpg,39.10215133101852,25.714890412538676,25.64844249237973,0.09352678102572158,5,1
scratch/Scr_0343.jpg,35.64121624228395,29.2058925399167,71.658583072112,0.05934051695929527,5,1
scratch/Scr_0270.jpg,35.49550491898148,28.409700512136844,73.24108653608833,0.00898304777484823,1,1
scratch/Scr_0124.jpg,39.97928433641975,24.786523861018225,31.945510617482427,0.007231743595419177,2,1
scratch/Scr_0159.jpg,54.54594618055555,65.32781482283941,58.456904738568234,0.0007054381832592274,2,1
scratch/Scr_0202.jpg,40.111812307098766,32.42429155146589,134.24083857014955,0.11265875549532098,9,1
scratch/Scr_0051.jpg,66.90387201003087,67.69720674856875,49.23792492712617,0.00792186906295049,1,1
scratch/Scr_0130.jpg,75.8004581404321,79.93891238521931,74.68933289766451,0.060411754664617456,4,1
scratch/Scr_0152.jpg,88.36313609182099,80.16099234787806,41.58659341510109,0.018297480314677553,4,1
scratch/Scr_0370.jpg,37.629502314814815,23.684060000206028,54.14851359545104,0.06431228164347687,4,1
scratch/Scr_0031.jpg,73.0173615933642,77.97990514650314,61.20283141619497,0.008500414898543836,2,1
scratch/Scr_0354.jpg,43.740292727623455,23.425776359042583,43.3584853225343,0.002522294252004152,3,1
scratch/Scr_0233.jpg,68.80203028549383,73.46748740733814,121.22860261280617,0.043072989444620895,6,1
scratch/Scr_0173.jpg,39.291321855709874,31.809568174198933,64.06338535183042,0.03870054569944909,3,1
scratch/Scr_0280.jpg,36.702045235339504,27.573666543887363,99.57266434233861,0.041313683353673414,9,1
scratch/Scr_0277.jpg,36.663399884259256,28.1387607443235,95.43650009155279,0.040220607427844154,3,1
scratch/Scr_0105.jpg,85.86479118441358,88.86712096375766,83.99518335917047,0.000996083118451419,1,1
scratch/Scr_0039.jpg,74.24049286265432,77.16804475528913,68.13438660114473,0.04620671267744077,6,1
scratch/Scr_0295.jpg,90.95660831404321,89.91507327247454,130.91863618261192,0.028306677189595956,2,1
scratch/Scr_0083.jpg,73.31843460648147,79.80076362331602,93.21649563720868,0.0130248030492109,3,1
scratch/Scr_0272.jpg,35.176480034722225,27.797950386190635,83.14801003626704,0.013160959938421476,2,1
scratch/Scr_0292.jpg,95.17151668595679,87.92658340455692,107.69576460088115,0.01710611880027005,2,1
scratch/Scr_0005.jpg,38.61691309799383,31.074413039613955,61.81712820275496,0.00886683762196785,2,1
scratch/Scr_0289.jpg,94.42642119984568,88.30989631061543,107.0684451545953,0.013467796627683378,1,1
scratch/Scr_0169.jpg,36.75012538580247,32.621653945171715,60.726343379038894,0.021185979911381176,2,1
scratch/Scr_0023.jpg,39.61430459104938,31.456789216589588,59.29447235934413,0.07879540460584523,7,1
scratch/Scr_0103.jpg,76.22673900462964,78.85245459951275,128.04001668072655,0.045610041845473105,6,1
scratch/Scr_0228.jpg,71.83795765817901,72.82003832576812,117.67861520799971,0.024423161481583026,5,1
scratch/Scr_0028.jpg,72.94308449074074,78.10281570470357,61.417895333665314,0.004334571865310372,1,1
scratch/Scr_0068.jpg,76.8107884837963,80.97601795125584,87.89745921137629,0.03242939499833946,7,1
scratch/Scr_0261.jpg,66.9405507330247,74.47251495630701,101.88637488973464,0.09083281724057544,8,1
scratch/Scr_0186.jpg,31.933257619598766,31.10946937364988,120.49795812947717,0.060572784518217355,4,1
scratch/Scr_0319.jpg,79.73500434027778,90.52350442296226,157.7704349294067,0.04339551429623397,5,1
scratch/Scr_0375.jpg,37.21054542824074,24.289121364680348,72.70512554571624,0.07380873263994643,5,1
scratch/Scr_0310.jpg,82.7592578125,87.04661368585937,179.5324474395856,0.010878084750430035,1,1
scratch/Scr_0191.jpg,34.403669463734566,32.356816789158444,127.01676965538459,0.07659120914675448,4,1
scratch/Scr_0136.jpg,74.43106192129629,80.16840201095677,80.52164759254401,0.06656833413309773,4,1
scratch/Scr_0150.jpg,87.98075279706791,80.35850741483111,41.6816245258661,0.009148699613937722,2,1
scratch/Scr_0141.jpg,74.91474344135803,80.4423564010188,78.26969181306151,0.08891649280780087,7,1
scratch/Scr_0302.jpg,74.17330632716049,80.90910846491093,100.47726909840459,0.0512542252380017,5,1
scratch/Scr_0115.jpg,77.85126977237654,77.20651937278139,84.33321493983759,0.004400090001440603,1,1
scratch/Scr_0316.jpg,69.22714795524692,83.26775734148168,112.28643728101765,0.024405467450043013,4,1
scratch/Scr_0180.jpg,41.032013406635805,33.772494246048176,59.20607936980439,0.04094544658214487,2,1
scratch/Scr_0160.jpg,88.6279402970679,80.27820749062893,41.916737688980824,0.055629434281061686,3,1
scratch/Scr_0248.jpg,70.36630835262346,73.76941653539382,128.60584064783168,0.08206490978494652,6,1
scratch/Scr_0257.jpg,31.21991753472222,30.428920730354328,83.0284668185308,0.0181437524654618,2,1
scratch/Scr_0146.jpg,40.401034915123454,27.653318704764615,63.241199815067255,0.01748965933663126,1,1
scratch/Scr_0224.jpg,31.60513454861111,30.640986473198968,76.81585168298794,0.008977303415075487,1,1
scratch/Scr_0127.jpg,75.5367901234568,79.97933941640974,70.63177227471934,0.04072438700190423,5,1
scratch/Scr_0155.jpg,88.64561197916667,80.37738939509649,40.8857258118783,0.03140421014006966,3,1
scratch/Scr_0380.jpg,37.3080647183642,24.02666929377214,26.02934931563018,0.09681747554207534,6,1
scratch/Scr_0239.jpg,68.40294319058641,74.01049012050238,127.03254037889813,0.05970933387724563,5,1
scratch/Scr_0252.jpg,67.51795331790123,74.90772591934902,121.56633097819103,0.08329843636093252,6,1
scratch/Scr_0014.jpg,41.04276041666667,30.71884847578013,59.87315540966562,0.0401905498306083,3,1
scratch/Scr_0234.jpg,66.43244212962964,74.6614676271586,126.24184897762349,0.051011566581003955,5,1
scratch/Scr_0019.jpg,42.683396508487654,30.71497826836656,57.66953254228174,0.05887946163227835,4,1
scratch/Scr_0088.jpg,73.0623688271605,80.08170066155557,103.80544530383354,0.02626929309160559,5,1
scratch/Scr_0363.jpg,39.35941840277778,25.669089846407047,47.796433913107826,0.039619924933033734,3,1
scratch/Scr_0161.jpg,87.84211323302469,80.7371755311086,41.12767539762415,0.05646120147209823,6,1
scratch/Scr_0256.jpg,68.25528452932099,74.9107682949868,119.11041225882298,0.08797511774997127,8,1
scratch/Scr_0283.jpg,22.60715518904321,25.923670551231638,95.09756365642482,0.05132495000037469,5,1
scratch/Scr_0012.jpg,42.77334442515432,30.338138454770995,56.89191332286293,0.03758858531077874,3,1
scratch/Scr_0100.jpg,76.51527440200617,78.69219846867335,113.79061322042885,0.036556652047149786,10,1
scratch/Scr_0125.jpg,75.51258680555556,79.97957843457493,69.84923790342549,0.03530843727551006,4,1
scratch/Scr_0362.jpg,34.40375385802469,21.610473823749096,28.105018690275607,0.03173588080495396,4,1
scratch/Scr_0190.jpg,23.840326967592592,23.207576710877003,20.81081226369599,0.0006767419529865471,1,1
scratch/Scr_0325.jpg,80.14948398919753,88.2921016149509,98.62166604972856,0.08783323714708853,7,1
scratch/Scr_0134.jpg,74.99534915123456,80.15637045495248,80.05574533734921,0.0660829827150584,5,1
scratch/Scr_0322.jpg,78.68422839506172,87.85427158750792,139.75617270375716,0.07008134732229102,5,1
scratch/Scr_0026.jpg,73.21565779320987,78.02062818429354,59.706351622773276,0.0006767462207129728,1,1
scratch/Scr_0147.jpg,88.1097477816358,80.31371891449065,49.82842291304765,0.00403063719225238,1,1
scratch/Scr_0340.jpg,42.48452835648148,27.431418284945046,61.45195253678309,0.05073263655485801,6,1
scratch/Scr_0002.jpg,71.21093701774691,79.51362450028638,59.154872644857626,0.009741610541154357,1,1
scratch/Scr_0210.jpg,39.94686294367284,31.89424302719992,124.22553387273862,0.13534016370484947,8,1
scratch/Scr_0043.jpg,75.05849874614198,76.89214441380426,65.6135565063644,0.05823040034174446,8,1
scratch/Scr_0175.jpg,40.514980709876546,30.562666538710566,60.85797511452676,0.03922776355151945,3,1
scratch/Scr_0339.jpg,43.43528260030864,28.164166633228977,79.07451829384638,0.050038465131602504,3,1
scratch/Scr_0052.jpg,66.2116796875,67.75684887385236,48.78240652299184,0.013344459333899905,1,1
scratch/Scr_0206.jpg,72.10755787037037,59.88140486904109,33.097075253896385,0.008215582606747249,3,1
scratch/Scr_0344.jpg,32.88665316358025,28.204625106842204,69.66526664275473,0.0608029729163585,5,1
scratch/Scr_0297.jpg,79.47953414351852,88.73946582487008,95.16570042563643,0.035268977914719696,5,1
scratch/Scr_0123.jpg,75.18278115354939,80.03726510241228,70.81205797229445,0.033918029038245125,3,1
scratch/Scr_0131.jpg,75.11809172453704,80.08784404597111,78.0632897239791,0.06205232425970887,6,1
scratch/Scr_0347.jpg,42.59794319058642,29.019025197485224,68.42347986108786,0.06693339118406463,4,1
scratch/Scr_0260.jpg,66.94180169753086,74.89821635261592,108.57723478657077,0.08878934016659033,7,1
scratch/Scr_0050.jpg,65.43235339506172,68.25569525638288,49.14369027825759,0.005145418548091973,1,1
scratch/Scr_0182.jpg,40.45564139660494,33.91708695514163,61.76763441392609,0.04336695455767202,2,1
scratch/Scr_0337.jpg,30.282902199074073,28.421108661376085,85.02238445316493,0.04371485542393135,4,1
scratch/Scr_0385.jpg,42.4313459683642,26.16583971865955,33.81620744646398,0.11979791484476299,6,1
scratch/Scr_0080.jpg,74.16062789351852,79.69420118998278,91.15340932114266,0.005986553285336593,1,1
scratch/Scr_0113.jpg,40.895859857253086,26.002035162447502,43.58717672789122,0.004725235274848235,1,1
scratch/Scr_0073.jpg,37.399649402006176,28.89105577765024,59.56764970083542,0.004051527864189795,5,1
scratch/Scr_0262.jpg,70.26578317901235,73.35061345967954,101.52199368064238,0.09428275766311452,8,1
scratch/Scr_0203.jpg,35.5464274691358,30.932895220461475,135.91420214681858,0.12165682982162146,7,1
scratch/Scr_0041.jpg,74.71730661651235,77.10370978215539,68.12157950004553,0.05086114640860778,8,1
scratch/Scr_0193.jpg,37.754527874228394,31.251992351517814,116.73079525556713,0.08913701888447043,3,1
scratch/Scr_0111.jpg,85.67042245370371,88.90947572678263,93.37083526301524,0.019588966921056425,5,1
scratch/Scr_0126.jpg,74.9152199074074,80.2675943766339,71.43813496251148,0.03706296362616012,4,1
scratch/Scr_0274.jpg,35.64177035108025,28.834693949554378,83.11294637569847,0.019212203383193682,2,1
scratch/Scr_0149.jpg,87.99079475308642,80.27817897550365,41.65168466387719,0.008082045371264735,1,1
scratch/Scr_0211.jpg,44.25114872685185,29.53762095089776,102.66793401088749,0.14635149963978883,8,1
scratch/Scr_0110.jpg,84.78225646219136,89.0979726438531,84.79780028843625,0.011366227337088575,2,1
scratch/Scr_0348.jpg,42.63544415509259,29.140527403693632,68.46472563872835,0.07333881751286393,4,1
scratch/Scr_0349.jpg,41.76067949459877,28.771766895930277,68.11873213955577,0.07651188495339556,5,1
scratch/Scr_0091.jpg,72.80728973765432,80.05135135815718,104.01216008860062,0.028170823460535368,4,1
scratch/Scr_0365.jpg,42.534234182098764,25.573234900183706,52.22215328645063,0.05227357161991236,3,1
scratch/Scr_0225.jpg,35.07006896219136,31.80801857222484,123.53652319771213,0.1771479342104214,8,1
scratch/Scr_0238.jpg,68.36838204089506,73.49494380084933,122.31397318337851,0.056201838896091906,5,1
scratch/Scr_0396.jpg,41.39076437114198,28.171537500447446,37.98189215473863,0.16384228988615618,8,1
scratch/Scr_0350.jpg,41.85664207175926,30.207330470412316,70.99777292477025,0.0783589142743832,5,1
scratch/Scr_0157.jpg,39.8997477816358,24.234974287530196,27.804552501397414,0.017951794398434587,2,1
scratch/Scr_0183.jpg,40.436894290123455,33.58533850506241,60.151202198569635,0.047860307146987004,2,1
scratch/Scr_0318.jpg,80.0234408757716,86.90958759369803,158.93872906498592,0.03697575694208779,5,1
scratch/Scr_0320.jpg,77.4164240933642,87.9970125833489,121.56408331976792,0.05596481790570628,5,1
scratch/Scr_0259.jpg,68.2319425154321,75.01810434091294,115.10352965225387,0.09073979783757252,7,1
scratch/Scr_0395.jpg,46.861857638888885,26.403600822663808,33.293579988550036,0.15942801826756117,8,1
scratch/Scr_0278.jpg,35.6130434992284,28.554365499315807,96.07411977796927,0.04087545182759607,8,1
scratch/Scr_0291.jpg,94.9271802662037,88.10914461847756,104.24882584299026,0.0153692821756661,2,1
scratch/Scr_0300.jpg,45.66133728780864,31.90562167441339,67.81837512746125,0.003540834497780601,1,1
scratch/Scr_0331.jpg,79.04976128472222,77.05706367430206,171.26990045124055,0.007866034435854014,2,1
scratch/Scr_0332.jpg,80.67995611496913,76.69871510893452,166.04772834789318,0.012629320797306184,4,1
scratch/Scr_0212.jpg,23.822488425925926,26.733827320566803,46.39270607790339,0.0053081427268514975,2,1
scratch/Scr_0209.jpg,40.83889467592593,31.40342654271883,125.78324631071831,0.13095236063886645,11,1
scratch/Scr_0249.jpg,70.11957079475309,74.03240895645658,120.320923602971,0.08297959878718618,6,1
scratch/Scr_0089.jpg,73.59558834876543,79.90965049423883,102.32474698643917,0.02715203400760764,5,1
scratch/Scr_0371.jpg,39.20459972993827,24.187811201300715,57.85594161002958,0.06501503538904507,5,1
scratch/Scr_0135.jpg,40.93695650077161,26.966730630808428,52.142572220063975,0.010813202505537627,1,1
scratch/Scr_0181.jpg,40.547774402006176,33.57047969681257,59.47915583556003,0.04196956439550507,3,1
scratch/Scr_0351.jpg,40.54538097993827,29.214958298234585,71.30907888136342,0.07860376658053266,6,1
scratch/Scr_0063.jpg,65.58369646990741,67.59468725351813,57.002103115041436,0.05692068189476059,4,1
scratch/Scr_0357.jpg,79.91799238040123,79.08906963253902,80.06165828373283,0.0031242574533689323,1,1
scratch/Scr_0171.jpg,37.6259302662037,32.61024860410845,65.54239140623302,0.029588932628175007,1,1
scratch/Scr_0133.jpg,75.72061149691358,79.8683994351319,79.67570316242279,0.06320035112889147,4,1
scratch/Scr_0207.jpg,35.95160783179012,30.768153297676,134.64808732703617,0.12613017119278322,11,1
scratch/Scr_0243.jpg,61.075922550154324,74.97055861271367,125.99253337309601,0.07035290283047099,7,1
scratch/Scr_0030.jpg,74.0694386574074,77.50257908289056,61.23156826193619,0.006698905223177472,4,1
scratch/Scr_0151.jpg,88.08389274691358,80.34819896415381,41.20379063596139,0.013582444868225931,2,1
scratch/Scr_0060.jpg,65.21030623070988,68.0396417276308,56.75326233938199,0.052682658804442034,3,1
scratch/Scr_0079.jpg,75.8386082175926,80.177545204183,150.21097842344415,0.034029877725785564,6,1
scratch/Scr_0069.jpg,37.873008294753085,31.705500305940753,37.88482828866998,0.0017862270603284064,1,1
scratch/Scr_0366.jpg,35.098218074845676,20.458770897200196,26.333487875320145,0.05366855912763506,4,1
scratch/Scr_0265.jpg,68.59515480324075,75.03833571663262,113.375029200416,0.1049170698421815,8,1
scratch/Scr_0192.jpg,34.67213348765432,31.700926242223538,117.07376647495617,0.08197336709082281,7,1
scratch/Scr_0263.jpg,67.81702160493828,75.06332859249802,110.99983679817288,0.0963860767593125,8,1
scratch/Scr_0367.jpg,37.953621238425924,24.078845425468234,57.30757690114885,0.05696773357863473,4,1
scratch/Scr_0078.jpg,74.57050974151234,79.64145948732614,89.80681389673295,0.0029496604974528396,1,1
scratch/Scr_0006.jpg,39.3370703125,31.006559192907705,54.94488377566562,0.010727049949893127,2,1
scratch/Scr_0258.jpg,67.84715760030865,75.28981091378753,115.48286325660152,0.08700756438269434,7,1
scratch/Scr_0301.jpg,28.991666666666667,30.52759972713722,16.460143667209497,0.046976115317805316,2,1
scratch/Scr_0158.jpg,87.33833188657407,80.95680776661473,41.45698891531976,0.044671654045073485,3,1
scratch/Scr_0236.jpg,68.91609616126543,73.7634193860663,117.43146606992288,0.05184320562694518,5,1
scratch/Scr_0112.jpg,87.90989486882717,91.80987098136409,94.56824733273275,0.006174132853885626,6,1
scratch/Scr_0185.jpg,37.962452256944445,34.06316957356877,63.78616312460332,0.05467721496814479,5,1
scratch/Scr_0201.jpg,32.47577787422839,31.243185548642362,97.90962361291861,0.0038861405108364293,1,1
scratch/Scr_0027.jpg,74.23167197145062,77.50272885398596,58.98837271250706,0.0022442736024457376,1,1
scratch/Scr_0214.jpg,44.349824459876544,30.226326655396843,111.84500068412123,0.15105098775886147,10,1
scratch/Scr_0172.jpg,39.39821421682099,31.575528777011183,62.70030477269433,0.038319335266182857,2,1
scratch/Scr_0066.jpg,66.54108169367284,67.44387696101181,56.85982890136795,0.06536281245347049,6,1
scratch/Scr_0268.jpg,29.68251494984568,32.77627966241947,89.65053197697955,0.01812828622488494,2,1
scratch/Scr_0293.jpg,94.76362509645061,87.9273106997672,110.77291370929055,0.02062820940580922,2,1
scratch/Scr_0309.jpg,83.53668065200617,88.48550150547172,181.11966371098742,0.009185517252068839,1,1
scratch/Scr_0386.jpg,42.17742091049383,26.70685902326256,33.56811373657147,0.13002036154939534,6,1
scratch/Scr_0092.jpg,73.48641589506173,79.84211790860164,95.82066083908818,0.03033010098566375,4,1
scratch/Scr_0096.jpg,75.35977044753086,79.17321721818081,109.08995253544549,0.03362872708090083,6,1
scratch/Scr_0178.jpg,44.565279224537036,33.020749631921085,54.661994497458814,0.040303187896468036,2,1
scratch/Scr_0311.jpg,69.71132426697531,80.27308345224276,94.33578852442969,0.013840868468883005,1,1
scratch/Scr_0076.jpg,37.77633294753086,28.563028790284815,62.20930721027806,0.03501898314929386,8,1
scratch/Scr_0345.jpg,31.85251494984568,28.198407975926617,68.7467472006527,0.06372613929260827,4,1
scratch/Scr_0324.jpg,80.52680555555555,87.1127700005249,117.11147439949072,0.07597423254797503,6,1
scratch/Scr_0034.jpg,72.55695216049382,78.08152764010133,67.96873840767184,0.024696765422913727,5,1
scratch/Scr_0246.jpg,35.074608892746916,30.681895234545856,81.95373078459228,0.01590632006624842,2,1
scratch/Scr_0285.jpg,83.93514756944444,93.33047677913791,113.06998141208226,0.004716994332882299,2,1
scratch/Scr_0397.jpg,48.87287519290123,26.191104741166253,38.38232703612015,0.16541046169457965,8,1
scratch/Scr_0015.jpg,42.58350067515432,30.361616120734844,57.639054091362794,0.04551997570915869,5,1
scratch/Scr_0010.jpg,39.81832175925926,30.85828548607809,59.36751987000954,0.029392950132893246,2,1
scratch/Scr_0044.jpg,73.84378616898148,77.38910371967441,68.89227393750177,0.060676072184309746,8,1
scratch/Scr_0213.jpg,39.86150028935185,30.42607009049821,109.50278783721899,0.1488734700842802,13,1
scratch/Scr_0145.jpg,87.63565875771604,80.6673982121476,49.69247498293883,0.002776992553882441,1,1
scratch/Scr_0352.jpg,41.69298128858025,29.116717327624066,70.63297835672617,0.07912908102661591,6,1
scratch/Scr_0004.jpg,38.36165605709876,31.10512365866348,57.14239700529741,0.008050720259279564,1,1
scratch/Scr_0305.jpg,76.32759741512346,79.80972371808306,95.3777525493773,0.07490905067091988,5,1
scratch/Scr_0062.jpg,65.76754581404322,67.82230349618816,55.29846101280644,0.054579616294684115,4,1
scratch/Scr_0032.jpg,73.67824604552469,77.82762167231014,60.263979420597266,0.010761025357757848,3,1
scratch/Scr_0122.jpg,75.34557339891975,79.97366473021057,67.06596359817857,0.026640275121967854,2,1
scratch/Scr_0022.jpg,41.62757619598766,30.7213370811463,59.752309380424414,0.07796117501219442,6,1
scratch/Scr_0312.jpg,25.49867862654321,30.55445506524734,91.53960965306557,0.04267169924520617,2,1
scratch/Scr_0011.jpg,41.87891444830247,30.605531451022205,56.52476150170263,0.03660282582255784,2,1
scratch/Scr_0153.jpg,87.7735797646605,80.63065409751192,42.670639490629824,0.025269434523680065,4,1
scratch/Scr_0288.jpg,91.9604721257716,89.83499705644377,103.33128699783072,0.011614630316091537,1,1
scratch/Scr_0053.jpg,65.27446566358024,67.92257161903795,53.191264270588654,0.01466432632102827,2,1
scratch/Scr_0065.jpg,67.06031298225308,67.32518963445717,56.64147708046067,0.06328487771853422,4,1
scratch/Scr_0218.jpg,37.147456597222224,29.304665738088048,113.00662538185604,0.1601565020224643,6,1
scratch/Scr_0276.jpg,34.77433497299383,29.081372834113733,88.18402507633975,0.02673444258114754,4,1
scratch/Scr_0162.jpg,87.85870707947531,80.77740239450044,43.129046096246846,0.05858722483512829,5,1
scratch/Scr_0104.jpg,85.18077256944444,89.12631505564731,85.24623905664946,0.000452874095453495,1,1
scratch/Scr_0184.jpg,39.032523630401236,31.932196063454768,58.082371344387646,0.05259578919522255,2,1
scratch/Scr_0323.jpg,30.02577449845679,33.12566561508168,97.30534600423175,0.04238525798277855,2,1
scratch/Scr_0120.jpg,75.49887586805555,79.94947636426376,65.78860419243497,0.018346217712723434,3,1
scratch/Scr_0384.jpg,44.612744984567904,26.079977759908914,31.47353820120728,0.11159414545583979,7,1
scratch/Scr_0098.jpg,73.80228250385802,80.065510333259,116.47657514395003,0.034862326246003626,7,1
scratch/Scr_0271.jpg,36.41466001157407,27.901875470643127,77.42178101653052,0.01102145909533023,3,1
scratch/Scr_0306.jpg,83.16887152777778,87.69177375103715,177.62874434568283,0.0017659126825287817,1,1
scratch/Scr_0072.jpg,36.260574363425924,30.158027618527363,23.807782554388307,0.0017378823308814074,3,1
scratch/Scr_0307.jpg,82.05048418209877,86.68514365537271,179.0361877602136,0.004036513851544412,1,1
scratch/Scr_0266.jpg,67.16738570601852,76.00882023638314,129.81482924347335,0.10690957315393722,8,1
scratch/Scr_0199.jpg,37.4926138117284,31.576803176982065,125.45755148085162,0.10372939560564073,5,1
scratch/Scr_0174.jpg,39.897400655864196,30.957756244228236,61.88590755650305,0.03972266614130577,2,1
scratch/Scr_0255.jpg,67.24340760030864,74.9638924621174,123.18845315056738,0.08468864824501425,6,1
scratch/Scr_0235.jpg,34.30037712191358,30.563111475057504,84.58965886759024,0.014292244554592586,1,1
scratch/Scr_0195.jpg,39.258671875,30.455105033150346,113.49365162371356,0.09183170410422042,5,1
scratch/Scr_0087.jpg,72.54240981867284,80.44647759441453,102.70163559784551,0.02593833521307341,3,1
scratch/Scr_0009.jpg,40.52706259645062,30.530754686647427,56.98451174014997,0.02025468091788177,2,1
scratch/Scr_0333.jpg,79.7759090470679,76.12251688519594,168.1803400443083,0.017528150112359805,5,1
scratch/Scr_0177.jpg,44.964497492283954,30.78890361525824,57.98957885552391,0.040487126905536075,2,1
scratch/Scr_0064.jpg,67.27846547067901,67.23252202715088,55.218343128535196,0.058881761936823304,4,1
scratch/Scr_0355.jpg,40.42020013503087,25.87251210005231,37.99877299556023,0.005063495309338122,2,1
scratch/Scr_0176.jpg,43.86701919367284,30.47867882444543,59.685782588268815,0.04031649470523954,3,1
scratch/Scr_0099.jpg,74.02811149691358,79.99602717073031,117.13845878066749,0.035835965353400105,7,1
scratch/Scr_0346.jpg,71.0863532021605,79.93761406781177,84.49173436791105,0.0017355563444428975,1,1
scratch/Scr_0017.jpg,41.92558449074074,30.929908464171746,54.94226269671698,0.05474496504966216,3,1
scratch/Scr_0128.jpg,74.42877266589507,80.24723368833249,73.79632239989583,0.04757439092821254,5,1
scratch/Scr_0376.jpg,40.16738763503086,22.935933226723503,13.73129351873039,0.08718725692843109,5,1
scratch/Scr_0045.jpg,74.68844955632716,77.05142779938393,70.37933452816345,0.066983473029238,6,1
scratch/Scr_0029.jpg,73.88886863425925,77.55205873213615,61.791036326424496,0.0051183270584913895,2,1
scratch/Scr_0230.jpg,72.50028018904321,72.38451635445956,114.52033311629624,0.0322091162609653,6,1
scratch/Scr_0188.jpg,34.8347053433642,31.077216263271918,114.9663036695878,0.06744632918573774,3,1
scratch/Scr_0400.jpg,38.55624614197531,31.20341943447738,54.397113880255986,0.002390281059017354,1,1
scratch/Scr_0241.jpg,64.48589650848766,74.54618633672177,114.5949132484353,0.06892601829765424,5,1
scratch/Scr_0219.jpg,40.38330536265432,29.45701669540037,112.51621995442706,0.16217224314239065,7,1
scratch/Scr_0387.jpg,43.9960474537037,26.093280754678993,32.69766720784296,0.14271724884044748,6,1
scratch/Scr_0240.jpg,56.000058352623455,75.5819408107083,120.37832182453614,0.06266183664273237,5,1
scratch/Scr_0084.jpg,74.52293981481482,79.22732073647141,94.1885177302968,0.014555250375224234,3,1
scratch/Scr_0222.jpg,38.65550154320988,31.294428270209007,118.3002654856152,0.1740790377042829,7,1
scratch/Scr_0226.jpg,66.81672019675926,74.35598639657955,141.3792741455153,0.018778969515834087,5,1
scratch/Scr_0353.jpg,40.86925395447531,24.423290777859616,44.13412441630428,0.0008056315588534744,1,1
scratch/Scr_0194.jpg,39.06161168981482,30.918121211336175,120.5676553487707,0.09010060326616888,4,1
scratch/Scr_0018.jpg,41.701738522376544,31.020439608138528,56.045479091306255,0.058140816420748975,6,1
scratch/Scr_0382.jpg,44.60218364197531,25.965665546721056,29.163253020957423,0.10216087388141765,6,1
scratch/Scr_0264.jpg,67.59422984182099,75.19314912880469,113.04473488256927,0.10010255376821668,8,1
scratch/Scr_0093.jpg,75.85847173996913,78.69332274896296,104.85214932881215,0.03059723086153742,6,1
scratch/Scr_0315.jpg,82.5462249228395,87.13599363407499,149.67173587541527,0.02136677364383894,3,1
scratch/Scr_0074.jpg,36.985670331790125,28.618201607653273,61.244104348162516,0.00913522224717898,5,1
scratch/Scr_0368.jpg,71.77508728780865,78.5568884712833,73.6544442467421,0.005081995865638134,1,1
scratch/Scr_0296.jpg,80.61713348765431,85.55323642262141,95.10964496042172,0.03223395854543557,2,1
scratch/Scr_0117.jpg,74.97119261188271,80.10901141309068,66.96858408258171,0.012907452683075065,1,1
scratch/Scr_0048.jpg,64.59312451774692,68.47723471404134,50.83753678676566,0.0012822683172933288,1,1
scratch/Scr_0056.jpg,65.64977334104938,67.81044427423062,54.898041000604586,0.03224939921742136,3,1
scratch/Scr_0394.jpg,47.81643952546296,25.35481710980748,32.87427397513941,0.16026816712223332,7,1
scratch/Scr_0094.jpg,74.87261091820987,79.52563463605436,105.69925897271222,0.03179297089305504,5,1
scratch/Scr_0290.jpg,28.499726080246912,29.077454932329186,78.62560058935141,0.026552163642125197,2,1
scratch/Scr_0049.jpg,64.53976514274692,68.3775088446583,49.415656392196766,0.00292736593235788,2,1
scratch/Scr_0025.jpg,41.30250434027778,31.115955570514668,60.13539272278208,0.09133686560586554,8,1
scratch/Scr_0335.jpg,30.33915268132716,29.916934594894563,70.79425949141593,0.0421894888360507,2,1
scratch/Scr_0156.jpg,87.3032282021605,80.89429313517434,41.79795422714084,0.036522921218404635,3,1
scratch/Scr_0021.jpg,40.79712962962963,31.25794456202223,57.94226189450982,0.07259778229899966,4,1
scratch/Scr_0139.jpg,74.98382908950617,80.28551326916724,74.30513940920771,0.07658109467288644,5,1
scratch/Scr_0378.jpg,36.42936149691358,24.352460526551567,26.306995018373765,0.0948515815046013,6,1
scratch/Scr_0205.jpg,36.68500530478395,32.325818581390244,142.13202062757108,0.12150955945793442,16,1
scratch/Scr_0070.jpg,29.579592013888888,24.809992040342944,19.58872257871742,0.0058188743517285915,2,1
scratch/Scr_0164.jpg,87.85769241898149,80.78381140898857,41.16205011888669,0.06340677252078482,4,1
scratch/Scr_0321.jpg,67.40916666666666,80.73923492580494,94.45503841092251,0.06164162814231567,6,1
scratch/Scr_0138.jpg,75.8261361882716,80.05887925960482,75.3026146845002,0.07189872455558846,7,1
scratch/Scr_0055.jpg,64.4678052662037,68.25030568316006,54.675703450185004,0.02898476343863998,2,1
scratch/Scr_0003.jpg,39.38642698688272,31.035177539078315,55.21282249619851,0.004281289300850632,1,1
scratch/Scr_0114.jpg,77.67989969135803,77.45824995581032,82.64655795900656,0.0015185637941861508,1,1
scratch/Scr_0008.jpg,41.19632716049383,30.627254392550288,55.482638032117286,0.01648850623471778,2,1
scratch/Scr_0196.jpg,39.481893325617285,32.34291366759423,142.82465559032337,0.09282156922080051,8,1
scratch/Scr_0216.jpg,41.981583719135806,31.63737720695322,123.70393952043742,0.15327181451007654,12,1
scratch/Scr_0154.jpg,88.57564332561728,79.99582502320261,42.017537674004615,0.026465861716055705,3,1
scratch/Scr_0275.jpg,35.521741415895065,28.573979038321557,82.95178021708162,0.025018633044656773,4,1
scratch/Scr_0373.jpg,38.54969762731481,24.9268178538123,69.41312706567835,0.06926934408564729,5,1
scratch/Scr_0336.jpg,80.31148533950618,77.49886540532843,174.9451841277857,0.019492652833250683,4,1
scratch/Scr_0294.jpg,92.37519434799383,90.14792446546917,135.74712960611157,0.024058735940825065,2,1
scratch/Scr_0116.jpg,74.73565875771605,80.12248544486093,68.25304453335985,0.012783031386778769,1,1
scratch/Scr_0109.jpg,85.3655502507716,88.86822642356934,86.6198302079796,0.011020904215359542,1,1
scratch/Scr_0107.jpg,85.55773292824074,88.77215136775675,78.26994121658585,0.004072810864818734,1,1
scratch/Scr_0208.jpg,40.368770736882716,31.407496745158927,122.1854656305591,0.12728072028828505,9,1
scratch/Scr_0328.jpg,37.6870100308642,31.233643640053437,217.39938576854192,0.00821825416572399,2,1
scratch/Scr_0132.jpg,75.6653197337963,79.7982683579492,76.16899593218383,0.06342882820650227,6,1
scratch/Scr_0101.jpg,41.33377700617284,26.46734904226855,47.359266489762156,0.004918119438510421,1,1
scratch/Scr_0033.jpg,73.91249180169753,77.25924582722324,65.34854705581144,0.02044058749990333,6,1
scratch/Scr_0200.jpg,39.995556520061726,30.63155527173007,114.64020247340365,0.10743047461982343,4,1
scratch/Scr_0168.jpg,36.48747299382716,25.2588550452623,34.55191456791105,0.022117880729841968,4,1
scratch/Scr_0040.jpg,74.00048804012346,77.32285206046724,67.09955782980212,0.049017351948717945,6,1
scratch/Scr_0081.jpg,73.94570216049382,79.76070499314739,92.17644118870568,0.008518138728633872,1,1
scratch/Scr_0242.jpg,65.17060185185186,74.12785504557537,107.48486193629131,0.070244579322728,5,1
scratch/Scr_0383.jpg,44.70301167052469,26.26352285418405,29.941410936070167,0.10661177539594839,6,1
scratch/Scr_0356.jpg,43.997905092592596,24.549522504884774,41.61036847491271,0.011682884102629947,2,1
scratch/Scr_0071.jpg,38.19028886959877,31.777802212674594,38.953305369993934,0.01024759645424298,1,1
stain/Sta_0169.jpg,84.70319058641975,72.52658075051023,194.8311766182122,0.002021380229766805,4,2
stain/Sta_0143.jpg,80.92248649691358,72.86105328627598,195.78423486314716,0.0010495050582990406,2,2
stain/Sta_0395.jpg,43.439427083333335,32.19035985886245,104.91709645060243,0.00033820096021947905,1,2
stain/Sta_0394.jpg,41.22181712962963,30.822975276197017,98.22066328117464,0.001590117541152265,6,2
stain/Sta_0388.jpg,41.58825183256173,30.418883671129212,68.31246612692811,0.0014991773834019217,5,2
stain/Sta_0161.jpg,85.48916184413581,72.86777762643055,192.9391025172325,0.001961632287379974,4,2
stain/Sta_0106.jpg,42.40358458719136,31.484766380909626,45.72404943311237,0.0015072276234567913,3,2
stain/Sta_0076.jpg,41.50105758101852,32.847707828222205,55.75911542800163,0.0007095038580246921,3,2
stain/Sta_0354.jpg,45.05838879243827,30.561554142696565,50.90237461754072,0.00036326526063100174,1,2
stain/Sta_0271.jpg,41.48372299382716,30.157750375412203,41.745739706212746,0.0009765241769547334,3,2
stain/Sta_0353.jpg,45.56622588734568,30.752683997399032,52.20108006885367,0.0020482064471879302,5,2
stain/Sta_0283.jpg,34.92183063271605,22.878799284045648,8.932282040833435,0.0005086678669410157,2,2
stain/Sta_0272.jpg,44.43064236111111,30.65479470740951,43.15429792690315,0.0012120631001371754,4,2
stain/Sta_0307.jpg,41.71312355324074,28.9797054565959,35.24941674391065,0.0007650850480109746,2,2
stain/Sta_0364.jpg,43.084431423611115,31.046890383551396,78.99281984720366,0.0005088413923182445,1,2
stain/Sta_0124.jpg,43.293627507716046,31.334925052793434,51.94226415827501,0.0014592722908093288,2,2
stain/Sta_0263.jpg,44.2886646412037,29.96159271117784,46.93699840757874,0.0005861177983539101,3,2
stain/Sta_0297.jpg,32.20381317515432,24.33964218984336,9.566622367147229,0.00047782295953360826,2,2
stain/Sta_0086.jpg,49.3846412037037,35.731818139746025,67.29236332851505,0.0018536783264746241,4,2
stain/Sta_0311.jpg,45.50944492669753,30.86460497384517,40.87840747446863,0.00028614334705075477,1,2
stain/Sta_0126.jpg,43.22444396219136,31.412034939613445,57.602850587243395,0.002415883401920441,14,2
stain/Sta_0100.jpg,41.84573736496914,33.1313844128605,74.25019459674768,0.00032566881001371776,1,2
stain/Sta_0141.jpg,36.161513310185185,29.468873521428147,42.683023230410015,0.0020774760802469154,6,2
stain/Sta_0203.jpg,68.166629533179,74.58928360117478,94.13771882032019,0.0006460328360768182,2,2
stain/Sta_0249.jpg,48.36253665123457,30.404182773113547,93.2466733350426,0.0010097803497942396,3,2
stain/Sta_0121.jpg,44.34692853009259,32.75044839465601,68.30887007356682,0.001919663408779151,4,2
stain/Sta_0058.jpg,45.37404417438272,36.115590070825974,95.57463049755123,0.001138323388203019,4,2
stain/Sta_0139.jpg,39.460947627314816,30.07942227303363,26.719101459033034,0.0009461615226337458,3,2
stain/Sta_0065.jpg,45.75767650462963,36.4714210556985,97.46113776657509,0.0009559801097393697,2,2
stain/Sta_0163.jpg,87.31350983796297,72.15956523902999,190.39919506028818,0.0008128088134430735,2,2
stain/Sta_0095.jpg,52.05749083719136,36.19538715079269,73.33992380293695,0.0031861761831275745,9,2
stain/Sta_0138.jpg,41.098939043209874,31.004771166728887,46.791193497341574,0.0007082177640603573,2,2
stain/Sta_0162.jpg,85.76407552083333,72.28981918627986,187.58391435570303,0.0004047197359396437,1,2
stain/Sta_0094.jpg,42.06497685185185,33.10299370400923,56.4719770902955,0.0029111888717421146,7,2
stain/Sta_0069.jpg,45.52145013503086,37.64204555694538,95.0348428495242,0.0004182163923182445,1,2
stain/Sta_0339.jpg,37.65493393132716,30.24185884082226,38.70020375345814,0.0004047197359396437,1,2
stain/Sta_0123.jpg,43.39282069830247,31.557493473798438,49.378171191272294,0.00039122307956104287,1,2
stain/Sta_0319.jpg,42.8840340470679,30.546706602304887,49.92942050163898,0.0013576263717421139,4,2
stain/Sta_0087.jpg,52.5776490162037,36.87120474753441,65.20988859893212,0.0006847801783264751,1,2
stain/Sta_0281.jpg,40.59998070987654,28.915500480133545,42.97273703965667,0.0013218046982167366,5,2
stain/Sta_0277.jpg,40.36982928240741,29.06638770010898,38.61817334823272,0.0001921618655692732,1,2
stain/Sta_0142.jpg,82.05458140432098,74.05741121913371,193.49785295296297,0.0004750965363511664,1,2
stain/Sta_0002.jpg,46.99823977623457,34.16644652971641,63.82765166058952,0.0005534916838134437,2,2
stain/Sta_0175.jpg,80.46315875771604,76.39181403348307,132.0361272503321,0.0007467722908093286,2,2
stain/Sta_0284.jpg,40.62460744598766,30.584231534365493,43.71138905114487,0.0008401172839506182,3,2
stain/Sta_0342.jpg,44.5179793595679,31.062588708774236,45.9988403430373,0.0011199977709190683,4,2
stain/Sta_0034.jpg,45.65099199459876,36.06369927651728,104.23837080657471,0.00047107784636488397,2,2
stain/Sta_0081.jpg,37.37178433641975,31.654301386636543,50.13312058611069,0.0010791797839506182,3,2
stain/Sta_0055.jpg,44.91002989969136,36.624024308347884,103.59145626638747,0.000458706361454047,1,2
stain/Sta_0316.jpg,40.037867959104936,31.468794828868294,53.774393911461736,0.00040520198902606347,1,2
stain/Sta_0155.jpg,74.77754581404321,68.034235624212,120.32073089883349,0.0006156637517146783,2,2
stain/Sta_0152.jpg,77.06979552469136,69.08909789840202,128.3320191102272,0.000913381172839507,3,2
stain/Sta_0258.jpg,49.83808352623457,28.73562236561382,70.41753827053235,0.0007882589163237318,2,2
stain/Sta_0027.jpg,42.144149787808644,32.747293964892556,95.21459187313876,0.0008386769547325112,3,2
stain/Sta_0218.jpg,45.70569444444445,30.183922157489967,89.55374502032659,0.00034928635116598114,1,2
stain/Sta_0215.jpg,41.35084249614197,25.107117090993,34.68789203092939,0.0006349410150891638,2,2
stain/Sta_0237.jpg,51.04782696759259,29.737897612342366,84.54113729845629,0.0019156640089163252,5,2
stain/Sta_0044.jpg,43.125694926697534,33.919540070098805,87.05228615610658,0.0014962774348422512,5,2
stain/Sta_0012.jpg,48.27108024691358,35.75212173285619,100.51729794678864,0.0007808323045267498,3,2
stain/Sta_0359.jpg,35.713558063271606,24.761266932422366,10.06350365788594,0.0004331598079561046,1,2
stain/Sta_0073.jpg,40.088552276234566,33.42020235819322,58.772102608687774,0.002114236539780523,5,2
stain/Sta_0288.jpg,36.24474971064815,26.06352132347015,13.888951978866562,0.000614705675582991,2,2
stain/Sta_0107.jpg,42.413399884259256,31.4326349295505,47.19447475003007,0.002014146433470509,4,2
stain/Sta_0049.jpg,46.724235628858025,36.079877251133,103.07569443163436,0.0012800350651577517,4,2
stain/Sta_0062.jpg,42.768345389660496,34.243314260997956,69.30858398035257,0.0011915190329218118,3,2
stain/Sta_0256.jpg,51.9335546875,30.90404346735763,103.30914060597686,0.0015088031550068602,5,2
stain/Sta_0349.jpg,45.71080632716049,30.475398607078635,46.79134986958235,0.0004452097050754462,1,2
stain/Sta_0331.jpg,42.219508584104936,31.111586481202423,55.79647842851803,0.0012164162379972579,4,2
stain/Sta_0347.jpg,46.05700954861111,30.662715152271847,50.17864604682499,0.0013523408779149532,4,2
stain/Sta_0390.jpg,43.29084346064815,31.571555015611366,91.14660794608707,0.0005337385973936906,2,2
stain/Sta_0314.jpg,44.73287229938271,30.020965954520666,42.72586232503045,0.001296888203017834,4,2
stain/Sta_0057.jpg,43.56436583719136,34.75640983019351,82.5039458382666,0.0014050739026063117,7,2
stain/Sta_0083.jpg,51.37080680941358,36.699919185004546,70.91396915237786,0.0002731289437585737,1,2
stain/Sta_0173.jpg,85.32792872299383,72.92970165818919,192.34176986569776,0.0017697405692729783,4,2
stain/Sta_0180.jpg,82.50151523919753,75.49343605610649,125.33357339771408,0.0014141977880658446,3,2
stain/Sta_0186.jpg,81.75789689429013,75.26641782490688,112.14514773170046,0.0006775656721536356,1,2
stain/Sta_0119.jpg,37.75952498070988,29.144694206852318,16.80647176606793,0.0007511125685871063,2,2
stain/Sta_0174.jpg,81.26762104552469,75.92134555995548,131.71450664702152,0.00036326526063100174,1,2
stain/Sta_0016.jpg,45.66659818672839,35.62672675127801,104.8062472225562,0.0009469717935528132,4,2
stain/Sta_0317.jpg,43.12031105324074,31.157831224961974,44.48407930722124,0.0006407344821673531,2,2
stain/Sta_0005.jpg,50.83977768132716,35.72240834214673,61.87129850857067,0.00032373979766803874,1,2
stain/Sta_0061.jpg,40.8045809220679,33.40783297308108,65.37313463496243,0.0009501930727023328,2,2
stain/Sta_0299.jpg,36.56686680169753,25.657429011416795,15.483776424119219,0.0010983092421124841,4,2
stain/Sta_0268.jpg,44.06109230324074,30.6292091445277,43.640658055284035,0.000835153377914953,4,2
stain/Sta_0214.jpg,44.14352527006173,29.919632842533996,89.99463733422525,0.00030108676268861484,1,2
stain/Sta_0030.jpg,41.86922164351852,34.84691761790425,80.75508706970054,0.0005501223422496577,2,2
stain/Sta_0226.jpg,46.51524209104938,29.243264516939156,76.94864754442379,0.0009064818244170107,4,2
stain/Sta_0251.jpg,35.152550154320984,21.52670358111628,31.758750329803803,0.0011921493484224979,5,2
stain/Sta_0377.jpg,37.613613522376546,27.404082583396125,33.01902625465969,0.001334002400548698,4,2
stain/Sta_0248.jpg,43.94764660493827,30.71499403644843,91.94684364198402,0.0005481868998628264,2,2
stain/Sta_0222.jpg,46.70479890046296,28.891877565140568,80.54207005950107,0.0013430045438957488,5,2
stain/Sta_0168.jpg,85.05704957561728,73.09590211650412,194.43866348789848,0.0015106098251028818,3,2
stain/Sta_0350.jpg,44.77164303626543,30.126431030490867,44.79238494846441,0.0007544883401920446,2,2
stain/Sta_0322.jpg,37.98051215277778,26.76971609658982,17.942564732005465,0.0007954541323731145,2,2
stain/Sta_0197.jpg,82.45071325231481,75.15355618694899,127.88410107923372,0.0018796492626886158,4,2
stain/Sta_0217.jpg,47.865253665123454,29.447881535229183,90.08438000306853,0.0013518393347050767,4,2
stain/Sta_0040.jpg,43.437187982253086,34.130117313782954,86.22421123148092,0.0012583529663923194,4,2
stain/Sta_0229.jpg,37.39567418981481,24.26411031108704,29.15468639544695,0.0003939623628257892,2,2
stain/Sta_0208.jpg,51.80013599537037,30.146924450115137,92.32561655160112,0.001311516460905351,3,2
stain/Sta_0028.jpg,42.315058834876545,33.01526286532289,103.38159932998052,0.0011007205075445829,4,2
stain/Sta_0109.jpg,42.5261858603395,31.73505646598858,49.994497468468985,0.0002933707133058988,1,2
stain/Sta_0244.jpg,49.38165412808642,28.66962143342276,74.66660670083131,0.0005443417352537728,2,2
stain/Sta_0318.jpg,43.281472800925926,31.24615188515604,51.13585501030817,0.001000148148148149,3,2
stain/Sta_0254.jpg,50.5829899691358,30.672305965037292,103.84164920301718,0.0008386705246913588,3,2
stain/Sta_0393.jpg,39.72576437114198,31.87790022162332,101.16433759875001,0.001409047496570646,5,2
stain/Sta_0265.jpg,44.012068865740744,29.503786195455845,41.82645222356535,0.00020131824417009625,1,2
stain/Sta_0191.jpg,81.77263358410494,75.30500552216107,104.84879580326692,0.0006937501714677647,2,2
stain/Sta_0336.jpg,41.52282600308642,29.72415772513922,42.31885458104617,0.0009210907921810709,3,2
stain/Sta_0038.jpg,46.38610773533951,36.18786793245072,103.78217472408859,0.000754501200274349,2,2
stain/Sta_0304.jpg,45.30538387345679,30.348819175932938,44.498815425489866,0.001602964591906723,4,2
stain/Sta_0373.jpg,42.90852527006173,30.94250284473804,83.6170303932284,0.0016322085048010992,5,2
stain/Sta_0345.jpg,45.52383053626543,30.40210642447914,44.88721091561977,0.0006667697187928676,2,2
stain/Sta_0264.jpg,45.28047453703704,30.38292539887054,47.46105364913743,0.0008496145404663933,4,2
stain/Sta_0330.jpg,42.962816840277775,30.785454317958266,52.702124554584756,0.0007716887860082312,3,2
stain/Sta_0367.jpg,40.009141107253086,30.56699025096613,88.78265224947599,0.0017991580075445832,4,2
stain/Sta_0108.jpg,42.5010440779321,31.61122967705298,49.4069174057409,0.00245019332990398,5,2
stain/Sta_0070.jpg,45.340038097993826,37.38784030123329,94.36882393207728,0.000747736796982168,2,2
stain/Sta_0033.jpg,44.88376494984568,35.409111036698704,100.11511197012345,0.0001738491083676271,1,2
stain/Sta_0391.jpg,43.116903935185185,31.601921514737715,89.74829693273641,0.0007003539094650213,3,2
stain/Sta_0333.jpg,40.268748070987655,31.16102496433222,52.73176036043148,0.0021304338991769566,6,2
stain/Sta_0099.jpg,44.26829330632716,33.96063279379553,87.32316513178365,0.0024130985082304545,6,2
stain/Sta_0056.jpg,35.81493200231481,30.221152419443353,47.54720995209523,0.0006045912208504807,2,2
stain/Sta_0247.jpg,46.98054494598765,29.872836951178172,89.3014004523123,0.0002991577503429358,1,2
stain/Sta_0320.jpg,43.24091242283951,31.148392629533795,52.39339161534892,0.0021962067043895766,5,2
stain/Sta_0127.jpg,37.65676938657408,28.906961276518654,15.031958894063251,0.0005724730795610429,1,2
stain/Sta_0102.jpg,43.36075569058642,33.03807822435209,74.21986989940126,0.0009151238854595347,5,2
stain/Sta_0150.jpg,39.53071614583333,30.146980157456305,37.02097069641566,0.00032132853223593996,1,2
stain/Sta_0134.jpg,34.56729456018518,24.830434378845847,12.602776262446064,0.001283513717421126,4,2
stain/Sta_0255.jpg,52.142265625,31.02452462426614,105.89532106529113,0.0011397444272976693,4,2
stain/Sta_0332.jpg,45.04660493827161,30.618033158956152,53.9331253224228,0.0016630598422496586,5,2
stain/Sta_0219.jpg,39.62073398919753,24.078305673175787,30.274748991152425,0.0006739906550068594,2,2
stain/Sta_0146.jpg,81.33135754243827,69.96274361359903,191.09133964368948,0.00032566881001371776,1,2
stain/Sta_0116.jpg,35.203876832561726,29.18823296785462,27.040832229501227,0.000979417695473252,3,2
stain/Sta_0370.jpg,43.43346450617284,31.8484127211751,87.33973988045388,0.0007602753772290817,2,2
stain/Sta_0160.jpg,84.78563512731482,73.15320695661269,194.29668979188457,0.0015149758230452687,3,2
stain/Sta_0046.jpg,43.53942853009259,34.83102157319497,101.21416459057247,0.0005088413923182445,1,2
stain/Sta_0223.jpg,47.80046682098765,28.930907049227276,78.97222170441387,0.0004750965363511664,1,2
stain/Sta_0253.jpg,48.8448688271605,30.26218940753334,92.334308889714,0.000476376200274349,2,2
stain/Sta_0198.jpg,81.23189525462963,75.05534544633896,111.45687009206168,0.0006879631344307277,2,2
stain/Sta_0042.jpg,33.82414930555556,27.35910494883128,43.53046078817644,0.0008550606995884782,3,2
stain/Sta_0021.jpg,38.889813368055556,29.735373025472725,54.07749339097442,0.0002331276577503432,1,2
stain/Sta_0072.jpg,43.15148389274692,34.87372761223509,73.44922373935098,0.0017596454046639248,4,2
stain/Sta_0365.jpg,42.65928385416667,31.323712215202704,88.26523657085536,0.0007940202331961597,2,2
stain/Sta_0043.jpg,44.874129533179016,35.93905687837272,104.69242475570842,0.0012457950960219491,4,2
stain/Sta_0302.jpg,44.801690779320985,30.375947300742737,39.719574199545455,0.0007631560356652957,2,2
stain/Sta_0212.jpg,47.89200135030864,30.087079927055655,96.14111521742333,0.0011698112139917705,3,2
stain/Sta_0031.jpg,44.4555787037037,35.51385969522517,87.35353219530172,0.0008719331275720174,3,2
stain/Sta_0398.jpg,43.8417399691358,32.41123910309225,110.06429704592605,0.0012482063614540479,4,2
stain/Sta_0323.jpg,39.96332561728395,28.24019983058077,26.494712794637422,0.0011076262860082314,3,2
stain/Sta_0270.jpg,34.43266493055555,26.812392139427303,20.836138845486108,0.0006359055212620034,2,2
stain/Sta_0303.jpg,40.0409375,30.182744948722146,48.32117121547052,0.0013529773662551451,3,2
stain/Sta_0066.jpg,45.34702160493827,37.10694387784093,101.70701767240901,0.001346238683127573,3,2
stain/Sta_0195.jpg,83.95386188271605,74.90686987231106,122.84080718029827,0.0010249037208504808,2,2
stain/Sta_0291.jpg,41.78237847222222,29.995010420566732,35.88554616601261,0.0016158118998628275,5,2
stain/Sta_0250.jpg,38.546968557098765,23.30652508354851,30.98545401214382,0.0011031317729766816,4,2
stain/Sta_0136.jpg,40.8469849537037,30.948316677092585,51.09789486243037,0.0020477177640603585,5,2
stain/Sta_0240.jpg,48.29327932098766,29.193226382149835,80.0621941627199,0.0009288518518518527,3,2
stain/Sta_0120.jpg,35.50626591435185,26.940379101486965,17.84911444900203,0.0014701005658436226,3,2
stain/Sta_0007.jpg,43.79013744212963,34.5148149390969,67.22897311316598,0.00020131824417009625,1,2
stain/Sta_0348.jpg,46.537392939814815,31.307688701495994,52.960829789651335,0.0021744732510288085,6,2
stain/Sta_0372.jpg,41.426528260030864,30.020313166219147,64.1051211770689,0.00119230358367627,4,2
stain/Sta_0159.jpg,80.59195505401235,74.04549113239847,198.70398870909864,0.001164236282578876,2,2
stain/Sta_0179.jpg,81.53011911651235,75.6926609910648,124.0951233694318,0.0010090022290809334,2,2
stain/Sta_0025.jpg,43.67799768518518,33.798448506035264,112.52850519938781,0.00026590157750342965,1,2
stain/Sta_0133.jpg,39.19630111882716,29.913160900135807,44.670157692520704,0.001167046296296297,3,2
stain/Sta_0036.jpg,44.41123167438272,35.093369701928296,99.57035323107687,0.0011392814643347063,4,2
stain/Sta_0026.jpg,44.72105854552469,34.430865530436584,119.35106106452476,0.0004797519718792873,2,2
stain/Sta_0041.jpg,46.266409143518516,35.92127068233642,106.93315464328509,0.0006677213648834026,2,2
stain/Sta_0287.jpg,40.69346981095679,30.5323788519617,38.364864671690334,0.00031217215363511694,1,2
stain/Sta_0187.jpg,79.62587287808643,75.56387129329923,118.51334769590197,0.0012847481138545962,2,2
stain/Sta_0178.jpg,82.81279947916667,75.46066848548294,123.263036351616,0.0005859697359396437,1,2
stain/Sta_0128.jpg,38.93269048996913,29.364963500897225,27.120569866005653,0.001067573645404665,4,2
stain/Sta_0369.jpg,42.778594232253084,30.862905441997142,85.85041430749646,0.0004471387174211252,1,2
stain/Sta_0048.jpg,47.18384452160494,36.330136271427854,102.13618053866534,0.0010647443415637869,3,2
stain/Sta_0104.jpg,42.40083236882716,32.67155500204431,71.38438522135046,0.000586927812071331,1,2
stain/Sta_0234.jpg,50.161887538580245,29.40787936942483,83.14340460114005,0.00036793998628257933,2,2
stain/Sta_0338.jpg,39.69037181712963,30.091561164624355,47.140780987914184,0.0014900145747599467,5,2
stain/Sta_0368.jpg,43.22968701774691,31.26471764457041,87.08250868389877,0.002184111796982169,5,2
stain/Sta_0013.jpg,44.016095679012345,34.41361564747598,104.04894251060956,0.000325186556927298,1,2
stain/Sta_0039.jpg,43.22629292052469,34.05352384196113,83.95993943870117,0.0010334171810699598,3,2
stain/Sta_0023.jpg,38.16724874614197,30.7879409987007,61.47409461165323,0.0006439624485596715,3,2
stain/Sta_0078.jpg,42.00656008873457,34.60236726431749,68.66775558538916,0.0012403425068587119,5,2
stain/Sta_0182.jpg,82.08325713734568,75.70259531268556,119.92814012666344,0.0004423161865569277,1,2
stain/Sta_0015.jpg,44.170766782407405,34.635199735750724,97.03525391031323,0.0008473510802469145,3,2
stain/Sta_0153.jpg,76.534609375,68.7643254934059,126.57198378977611,0.0012747174211248298,4,2
stain/Sta_0216.jpg,48.85441068672839,29.737582199488,93.81904013048126,0.0010150787037037047,3,2
stain/Sta_0202.jpg,80.43885175540123,75.98452734806504,123.09927119063016,0.0003237333676268865,1,2
stain/Sta_0004.jpg,48.32526186342593,34.51943805929212,63.451174698496644,0.0005088413923182445,1,2
stain/Sta_0305.jpg,46.00104552469136,30.516571973189272,46.852639801852185,0.0021417249657064486,5,2
stain/Sta_0080.jpg,40.623210841049385,32.538599576722184,58.92766071030512,0.000749177126200275,2,2
stain/Sta_0327.jpg,41.32959346064815,31.177935564861492,53.41320392068411,0.0024050031721536374,7,2
stain/Sta_0213.jpg,46.777885802469136,28.947514228702083,72.25334826424245,0.0015783889746227723,4,2
stain/Sta_0184.jpg,81.12667293595679,75.8333298291443,126.64084800737173,0.0013549128086419763,3,2
stain/Sta_0148.jpg,85.11008584104938,72.18894507887912,199.91349338460296,0.001026170524691359,3,2
stain/Sta_0326.jpg,34.87490837191358,25.778247519540933,18.95178990373023,0.0020986180555555576,6,2
stain/Sta_0274.jpg,43.3573828125,30.08880498162214,39.99341415671424,0.0005057872085048017,2,2
stain/Sta_0092.jpg,47.61669077932099,34.90364655711842,57.63824932663085,0.0012963093278463658,2,2
stain/Sta_0243.jpg,50.15072386188272,28.7844609089925,76.8388505340002,0.0002967464849108371,1,2
stain/Sta_0052.jpg,43.08165895061728,35.35254011277482,88.5442472418117,0.0006320539266117976,2,2
stain/Sta_0115.jpg,38.88150077160494,30.166617048135468,34.7434538840872,0.0006012090192043901,2,2
stain/Sta_0194.jpg,83.81223861882717,74.94315980325658,120.50964446907042,0.0005204090363511663,1,2
stain/Sta_0093.jpg,48.32040943287037,35.613169119633675,64.9176628946354,0.002510449074074076,3,2
stain/Sta_0020.jpg,40.573380594135806,34.21480126366613,88.94764959846479,0.0010072148491083689,4,2
stain/Sta_0298.jpg,31.414444444444445,25.043403350760638,12.072956994727283,0.0007991514917695482,3,2
stain/Sta_0029.jpg,43.253527681327164,34.75993421272958,77.25344400929454,0.00022156001371742136,1,2
stain/Sta_0397.jpg,43.772711226851854,32.26398616057019,109.31944768607451,0.0009143456790123466,3,2
stain/Sta_0035.jpg,45.954281442901234,36.18142842430071,104.42937909062157,0.0008603654835390955,3,2
stain/Sta_0380.jpg,43.662716049382716,31.50641776969624,84.49694704099684,0.0006845937928669416,2,2
stain/Sta_0060.jpg,44.833059413580244,35.81998854191714,89.74821104195469,0.0005030543552812075,1,2
stain/Sta_0379.jpg,46.654293499228395,31.515052841328274,89.16728490366975,0.00040086171124828566,1,2
stain/Sta_0190.jpg,78.76373167438271,75.56218289460921,105.15402342753468,0.00035844272976680416,1,2
stain/Sta_0228.jpg,44.5375462962963,28.775291837436633,76.18091242225807,0.00022156001371742136,1,2
stain/Sta_0181.jpg,82.28920765817901,75.54347503146366,126.12517409336417,0.0018526559499314145,4,2
stain/Sta_0176.jpg,79.94911892361111,76.46888972655418,129.78603857026604,0.0011008811728395072,3,2
stain/Sta_0232.jpg,46.04635754243827,28.24037363632894,71.98330283677838,0.001072139060356654,5,2
stain/Sta_0375.jpg,40.37348186728395,27.985139166856552,36.12589860788771,0.0006653165294924561,2,2
stain/Sta_0130.jpg,40.760668402777775,31.167565833867823,50.720277268797744,0.0020977438271604955,9,2
stain/Sta_0199.jpg,83.35936728395062,74.91901257260601,114.85618167242144,0.0010463994341563796,3,2
stain/Sta_0235.jpg,50.84785783179012,29.53678262306293,79.6214963581331,0.0008946183127572025,3,2
stain/Sta_0389.jpg,43.274771894290126,31.52935924388125,88.09609431904377,0.0003772441700960223,1,2
stain/Sta_0113.jpg,34.6179084683642,24.180539660002463,13.776732710471238,0.0014659019204389591,5,2
stain/Sta_0074.jpg,42.403477527006174,34.8405501777961,77.67318691210309,0.00026493707133059017,1,2
stain/Sta_0111.jpg,35.69934268904321,25.620364119801536,14.423152846063466,0.0008690267489711943,3,2
stain/Sta_0019.jpg,45.249052372685185,36.147971102581934,98.55484552792785,0.0007316490054869692,4,2
stain/Sta_0279.jpg,43.53128038194444,30.106992010348062,39.88185523029892,0.000778909722222223,3,2
stain/Sta_0282.jpg,39.29264226466049,27.208938448114786,13.921768670821749,0.00028903686556927327,1,2
stain/Sta_0110.jpg,34.13881992669753,23.827452459263792,9.852561523771472,0.0005587836076817565,2,2
stain/Sta_0278.jpg,43.00947000385803,30.131821584324307,39.38078394969052,0.0004527586591220856,2,2
stain/Sta_0011.jpg,43.157151813271604,31.46189196007253,49.639726027293754,0.00042239600480109785,2,2
stain/Sta_0167.jpg,86.82895833333333,72.51962318350306,188.33512151132226,0.0008465536694101517,2,2
stain/Sta_0231.jpg,46.24178192515432,28.06268285994296,59.05578719929302,0.0009710780178326486,4,2
stain/Sta_0246.jpg,51.48807243441358,29.18703841298637,77.98682617354368,0.0011171171124828543,4,2
stain/Sta_0381.jpg,43.39734664351852,31.68072040577416,89.79866662357553,0.001105221450617285,3,2
stain/Sta_0257.jpg,49.72734809027778,28.797800687203893,69.90157471255333,0.0001719200960219481,1,2
stain/Sta_0003.jpg,47.79147858796296,34.96880291886524,67.13209843276304,0.0008401172839506182,3,2
stain/Sta_0300.jpg,40.926837866512344,29.341927728475106,33.255854100534535,0.0013049322702331975,5,2
stain/Sta_0294.jpg,40.204010898919755,29.741868335397626,47.34308737686337,0.0010194189814814825,3,2
stain/Sta_0014.jpg,41.661322337962964,34.18188671821909,92.89125571416325,0.0005433707990397811,2,2
stain/Sta_0376.jpg,37.45644868827161,27.455864668786447,37.41867750412892,0.0010724411008230462,3,2
stain/Sta_0286.jpg,37.65892891589506,27.60102078668426,20.456449645381884,0.0013728849451303169,5,2
stain/Sta_0165.jpg,86.4649006558642,72.7370655495837,193.36017697613215,0.0017495052297668053,4,2
stain/Sta_0334.jpg,36.72911024305556,27.989661733842407,19.108928476196116,0.00028903686556927327,1,2
stain/Sta_0269.jpg,44.970958236882716,29.710582563775606,36.781614885173155,0.0003131366598079564,1,2
stain/Sta_0098.jpg,45.1070630787037,33.61943855857935,81.92147627552592,0.0012593496227709202,4,2
stain/Sta_0140.jpg,39.95846547067901,30.39230623937575,38.69289930521973,0.001475598422496572,5,2
stain/Sta_0225.jpg,46.30516637731481,28.978709107310802,77.48606985976235,0.0006844459876543217,3,2
stain/Sta_0006.jpg,44.26096161265432,33.28296056320013,52.81417908391127,0.0006315716735253779,2,2
stain/Sta_0267.jpg,44.92749855324074,30.01397916657104,39.82067047858683,0.0005552793209876551,3,2
stain/Sta_0343.jpg,41.143208429783954,29.336101019721617,41.29613123211552,0.001609555469821675,5,2
stain/Sta_0262.jpg,44.09128375771605,29.49517469807599,42.2877744541014,0.00037516735253772333,2,2
stain/Sta_0088.jpg,52.22471498842592,36.5211392149671,65.06162843539994,0.0018984505315500697,2,2
stain/Sta_0129.jpg,40.221624228395065,30.67171053819356,44.22553142466789,0.0014664807098765445,6,2
stain/Sta_0206.jpg,49.20021701388889,30.786445532748132,95.22562812082843,0.00044810322359396473,1,2
stain/Sta_0295.jpg,42.525834780092595,30.02630880880001,47.99820520968757,0.0016757526577503444,4,2
stain/Sta_0260.jpg,50.82103829089506,28.7430840548146,72.80285330271337,0.001442470764746229,4,2
stain/Sta_0329.jpg,43.071028163580245,30.85888512611611,52.83094998319555,0.0005337321673525383,2,2
stain/Sta_0185.jpg,80.84717255015433,75.6506906531433,126.78544159827466,0.00217179175240055,4,2
stain/Sta_0051.jpg,37.91465229552469,34.220962520918015,81.9313000656698,0.00023408573388203043,1,2
stain/Sta_0378.jpg,33.95296633873457,25.283300448426782,30.653570831144396,0.0016712388545953379,5,2
stain/Sta_0266.jpg,43.940374228395065,29.393220494012635,41.03942014674412,0.00042480727023319663,2,2
stain/Sta_0147.jpg,81.8143108603395,71.33266492176273,163.56690246979977,0.0006383232167352544,2,2
stain/Sta_0285.jpg,39.64828269675926,29.7698176661807,43.1002024625718,0.0012568804869684512,4,2
stain/Sta_0382.jpg,44.68959104938271,30.925778292366758,87.72658189074151,0.00164346742112483,4,2
stain/Sta_0351.jpg,46.1648688271605,30.766068739897566,48.17899610552352,0.001269599022633746,3,2
stain/Sta_0301.jpg,46.15082417052469,30.44533341928965,37.33550996500441,0.000370010373799726,1,2
stain/Sta_0363.jpg,39.33321662808642,29.283562436730005,45.461119728789335,0.0018905675582990417,5,2
stain/Sta_0325.jpg,39.8399006558642,28.154064405413,29.776695453751586,0.0017204093792866958,5,2
stain/Sta_0196.jpg,82.23549864969135,75.3104939891657,127.2383960072114,0.0014628796296296308,3,2
stain/Sta_0355.jpg,42.23053530092593,30.34555639470199,46.919622055893036,0.000734111625514404,3,2
stain/Sta_0371.jpg,43.76564236111111,31.258862420977124,82.63380393945305,0.0010011126543209886,3,2
stain/Sta_0170.jpg,85.61399257330247,72.27607082747407,188.79256317507034,0.0004914867112482857,1,2
stain/Sta_0374.jpg,40.0405859375,30.679355574592233,85.58631277421422,0.0002880723593964338,1,2
stain/Sta_0018.jpg,39.00766155478395,33.262774332412555,63.48204478732046,0.0004754116941015094,2,2
stain/Sta_0344.jpg,40.808215181327164,30.10270450965358,47.655291099665554,0.0004611176268861458,1,2
stain/Sta_0154.jpg,81.51897810570988,71.48043643404944,182.45469469824096,0.00026493707133059017,1,2
stain/Sta_0054.jpg,47.24964747299383,36.51762914998288,108.02367736969309,0.0013619473593964348,4,2
stain/Sta_0261.jpg,42.981355613425926,30.74136559642886,44.547869014032635,0.0002104746227709193,1,2
stain/Sta_0063.jpg,45.52869357638889,36.60318206506426,95.34720454816754,0.0016280546124828545,4,2
stain/Sta_0296.jpg,34.302011959876545,30.161204203538908,42.428847782439334,0.00023264540466392343,1,2
stain/Sta_0233.jpg,49.15415653935185,29.01865029174222,77.20040508007484,0.00021192138203017858,1,2
stain/Sta_0068.jpg,46.41445939429013,36.85930997980687,98.55701537242739,0.0020539677640603582,5,2
stain/Sta_0122.jpg,42.65103732638889,32.00518332216356,66.75523388730271,0.002210622856652951,5,2
stain/Sta_0383.jpg,46.61478491512346,31.513176632450328,93.07606879460633,0.001998540809327848,5,2
stain/Sta_0183.jpg,82.48942033179013,75.51869512267835,124.45055647042145,0.0009526043381344314,2,2
stain/Sta_0077.jpg,36.512315779320986,28.458549134596993,37.23015645846822,0.0010072148491083689,4,2
stain/Sta_0242.jpg,47.11420572916666,28.917445063886195,81.79316966490568,0.0018756755829903993,5,2
stain/Sta_0358.jpg,40.600859857253084,28.542623411469165,24.876324516194988,0.001658031721536353,7,2
stain/Sta_0207.jpg,51.10265721450617,29.93688194739761,91.65751205014811,0.000917412722908094,2,2
stain/Sta_0310.jpg,36.273282214506175,24.593686879117712,15.158774686535496,0.0018023538237311402,5,2
stain/Sta_0252.jpg,48.67329137731482,30.961260983868257,99.3731986009188,0.0002331276577503432,1,2
stain/Sta_0280.jpg,43.79050347222222,30.687607554581128,41.11085842226734,0.0011412104766803854,4,2
stain/Sta_0273.jpg,45.646924672067904,29.861164902153067,41.86064321933927,0.00016372822359396455,1,2
stain/Sta_0275.jpg,44.35656346450617,30.899503850227497,41.55972454685698,0.0007697597736625523,3,2
stain/Sta_0362.jpg,43.470990547839506,30.461260871029612,74.77301397238428,0.0015759841392318258,4,2
stain/Sta_0210.jpg,47.057395351080245,29.146360193761893,92.44270821410595,0.00046256438614540504,1,2
stain/Sta_0245.jpg,47.780379533179016,28.137120320001678,77.69341517486362,0.0007490293209876551,3,2
stain/Sta_0276.jpg,40.78521026234568,29.176928809972082,41.798371237465645,0.0009648087277091918,4,2
stain/Sta_0156.jpg,73.40499517746913,67.31056449704504,115.46271143833968,0.0009519356995884783,3,2
stain/Sta_0224.jpg,45.37045428240741,28.347715803007883,64.04693658906912,0.0007139919410150898,2,2
stain/Sta_0337.jpg,42.22852334104938,30.292001680594883,46.539722245259476,0.001344129715363513,4,2
stain/Sta_0117.jpg,34.9375,25.57085311693934,19.298227685075922,0.001418840363511661,4,2
stain/Sta_0105.jpg,42.20408757716049,31.41147809775179,44.832080906467006,0.0010109312414266125,2,2
stain/Sta_0158.jpg,76.1787109375,72.73023762431444,188.95947031088866,0.0008024242112482857,1,2
stain/Sta_0112.jpg,35.64995466820988,25.4585870353537,15.901511824901274,0.0012106034807956116,4,2
stain/Sta_0361.jpg,37.87783950617284,26.477141711636264,24.58721824884168,0.0011216180555555565,3,2
stain/Sta_0001.jpg,41.625260898919755,33.8498087694342,64.75483739407917,0.0002880723593964338,1,2
stain/Sta_0321.jpg,42.09691068672839,31.170579289106723,50.88380094389855,0.00045098388203017873,1,2
stain/Sta_0188.jpg,82.93222800925926,75.16840602927509,118.7604791371203,0.001664397119341565,3,2
stain/Sta_0204.jpg,76.54781876929012,77.39296238143326,129.8889909907942,0.0010059223251028817,3,2
stain/Sta_0290.jpg,41.90217930169753,30.36564322170072,42.61765438475223,0.0012824334705075458,4,2
stain/Sta_0050.jpg,46.79337962962963,36.15119719457782,103.64163603341477,0.0015300287208504816,5,2
stain/Sta_0137.jpg,39.375248360339505,31.790227115226184,48.60429441473689,0.00046256438614540504,1,2
stain/Sta_0135.jpg,33.74138937114198,23.48879013152436,15.550754803106779,0.0016791477194787394,4,2
stain/Sta_0010.jpg,45.668533468364195,33.968853221987864,81.50478286012996,0.00023119864540466418,1,2
stain/Sta_0313.jpg,42.30493923611111,30.65072263327424,44.882113348977306,0.0010305108024691368,3,2
stain/Sta_0205.jpg,75.54809220679013,77.44839718478039,130.9151916302261,0.0014405288923182455,4,2
stain/Sta_0067.jpg,45.6950853587963,36.68856117354822,104.4538980231559,0.0016005597565157766,4,2
stain/Sta_0308.jpg,40.8034447337963,29.47421972621934,51.342636373399486,0.0011722096193415648,3,2
stain/Sta_0356.jpg,44.40508825231481,31.14572471888849,48.68342566164584,0.0010467660322359409,4,2
stain/Sta_0292.jpg,35.605084394290124,30.768267933532506,51.8183906260568,0.00031794633058984944,1,2
stain/Sta_0131.jpg,40.75620515046296,30.858027372577475,48.075564235217115,0.0028380085733882053,7,2
stain/Sta_0166.jpg,85.18716338734568,72.11930821785302,184.25984759372076,0.0004423161865569277,1,2
stain/Sta_0189.jpg,82.88375916280864,75.28565134951685,119.64814367105312,0.002211317215363513,4,2
stain/Sta_0032.jpg,37.932484567901234,31.443640806741882,50.28368796296295,0.0011768779149519903,4,2
stain/Sta_0084.jpg,47.92668113425926,34.5280111466339,52.549777958956604,0.0005404772805212626,2,2
stain/Sta_0340.jpg,41.81827208719136,30.101921759569695,40.01798753756719,0.000613265346364884,2,2
stain/Sta_0079.jpg,45.50905140817901,36.8587561530178,95.00181624887563,0.00038832956104252437,1,2
stain/Sta_0082.jpg,41.926197916666666,34.47267479463006,68.50837999232397,0.0014752253943758587,4,2
stain/Sta_0238.jpg,50.91693335262346,29.334750884926653,75.3531369180792,0.00012999622770919087,1,2
stain/Sta_0090.jpg,51.661552372685186,36.37582118496106,65.72458018438442,0.002905543038408781,4,2
stain/Sta_0315.jpg,44.5535580632716,30.142267443350224,45.3559378800234,0.0018346519204389593,5,2
stain/Sta_0259.jpg,47.6589983603395,28.672551179916443,73.26626440077676,0.001170312757201647,3,2
stain/Sta_0193.jpg,81.51673514660494,75.35945651844798,107.40184695216048,0.0014231677812071345,4,2
stain/Sta_0201.jpg,77.42000434027777,76.78696009571364,132.47991417291385,0.002133963906035667,5,2
stain/Sta_0357.jpg,37.75943624614197,27.62570630504687,20.58338608420671,0.0013135551268861469,7,2
stain/Sta_0352.jpg,45.00134018132716,30.29118309318115,46.8738850500927,0.001487783264746229,4,2
stain/Sta_0386.jpg,41.018821855709874,31.370342867939772,89.73779780722205,0.0009558065843621408,3,2
stain/Sta_0239.jpg,49.03295669367284,28.946997954419444,73.2818238779346,0.0003872172496570649,2,2
stain/Sta_0096.jpg,41.28733940972222,28.388467330304657,16.372200792309073,0.0003642297668038412,1,2
stain/Sta_0071.jpg,43.414114101080244,35.623485377176706,74.06924952829408,0.001496650205761318,3,2
stain/Sta_0289.jpg,41.85253520447531,29.609770551956018,34.73281968997676,0.0009263955761316881,3,2
stain/Sta_0101.jpg,42.07447868441358,33.40829827465682,76.36495729942791,0.000485532578875172,2,2
stain/Sta_0022.jpg,41.81173369984568,32.49630107087039,83.19613287717972,0.0004980647290809333,2,2
stain/Sta_0053.jpg,39.94329282407407,36.1938999431188,90.51907768125183,0.0009794112654320996,3,2
stain/Sta_0075.jpg,38.14949025848765,30.68264893675321,43.15221748709879,0.00046480855624142714,2,2
stain/Sta_0017.jpg,43.12000530478395,34.583094171138264,99.22099589325687,0.00024276628943758599,1,2
stain/Sta_0097.jpg,46.14750192901234,33.518776646185394,79.29875169830113,0.0007774886831275729,3,2
stain/Sta_0400.jpg,40.006194058641974,32.09055629405206,90.15990417225944,0.0016108415637860099,6,2
stain/Sta_0309.jpg,43.0695630787037,29.880431813234644,44.659163362994846,0.0015971839849108383,4,2
stain/Sta_0114.jpg,39.53071614583333,30.1469801574563,37.02097069641567,0.00033241392318244205,1,2
stain/Sta_0236.jpg,51.77466579861111,29.745763643337654,81.26608602885642,0.0014458722565157762,4,2
stain/Sta_0341.jpg,42.49193142361111,30.09783778632552,40.82250727186209,0.0009326584362139927,3,2
stain/Sta_0089.jpg,52.48383150077161,36.76173930089346,65.40061701668714,0.002546148662551442,3,2
stain/Sta_0241.jpg,48.67302517361111,29.44917635230941,81.28068303480508,0.0015235021433470518,4,2
stain/Sta_0211.jpg,48.43032600308642,30.033158692280395,95.1694689455746,0.000868730881344308,2,2
stain/Sta_0009.jpg,45.48180989583334,33.53429327087734,89.9952889153449,0.0003974859396433474,1,2
stain/Sta_0125.jpg,42.68307870370371,31.021869661767767,51.71269090787624,0.0019469009773662566,3,2
stain/Sta_0177.jpg,79.95390817901234,76.68467449897123,128.27820351624922,0.0013769036351165994,4,2
stain/Sta_0192.jpg,81.5079721257716,75.42773281243794,105.36779792986911,0.0011052150205761327,3,2
stain/Sta_0149.jpg,86.58488233024691,72.61375568914765,202.90436386695848,0.00139088254458162,4,2
stain/Sta_0366.jpg,37.20896846064815,31.417181213040756,78.80885282260367,0.0013250324074074084,3,2
stain/Sta_0037.jpg,43.989632523148146,34.66157014597808,96.89096135389335,0.0005666796124828536,1,2
stain/Sta_0091.jpg,49.618595679012344,35.74201062840347,62.758480868484256,0.0008024242112482857,1,2
stain/Sta_0312.jpg,43.85947193287037,31.435935698981947,44.014799282179446,0.0006686858710562421,2,2
stain/Sta_0008.jpg,45.496654610339505,33.76896304250068,87.17359957959118,0.00021673748285322384,1,2
stain/Sta_0221.jpg,40.3620418595679,24.25683009160833,33.5136065919585,0.0011778359910836775,4,2
stain/Sta_0399.jpg,42.83251205632716,31.987180832684036,109.35664727894813,0.001478446930727025,5,2
stain/Sta_0103.jpg,44.14770881558642,33.3495816259378,75.41201117590803,0.0013685510973936914,5,2
stain/Sta_0157.jpg,85.23390528549383,72.69568586890234,185.18021600476592,0.0013017043038408792,4,2
stain/Sta_0145.jpg,84.48269483024691,72.2722530402941,194.78944540868187,0.001722029663923184,4,2
stain/Sta_0172.jpg,85.00415605709877,72.10565442039794,189.13058497188646,0.0013510419238683138,3,2
stain/Sta_0024.jpg,45.067212094907404,34.9700239771072,102.95284092044604,0.001003363254458163,4,2
stain/Sta_0293.jpg,34.836256269290125,24.651320962603638,11.35919408864884,0.0005713157578875178,2,2
stain/Sta_0047.jpg,46.68192756558642,36.313538920877726,101.4102479963703,0.000836921467764061,2,2
stain/Sta_0227.jpg,47.448808834876544,28.850859250691187,73.91322364351039,0.001341564214677642,5,2
stain/Sta_0392.jpg,42.23590277777778,31.378415102904373,96.0103665985296,0.001024087277091908,4,2
stain/Sta_0230.jpg,46.11238956404321,27.8100664639656,56.73234895255425,0.0006936023662551448,3,2
stain/Sta_0064.jpg,46.13682146990741,37.80558155875546,95.84263084349995,0.0005825939643347055,1,2
stain/Sta_0059.jpg,40.25799093364198,31.977420544305268,54.779136454124576,0.0012914420438957489,5,2
stain/Sta_0385.jpg,43.14496720679012,31.905192356789993,92.02996149616538,0.0007361755829903985,2,2
stain/Sta_0396.jpg,43.443610628858025,32.11443344776489,109.38826078879391,0.0006604939986282586,2,2
stain/Sta_0360.jpg,42.17412181712963,29.387866869034397,71.74169298160638,0.0007082177640603573,2,2
stain/Sta_0144.jpg,86.68884693287038,72.59359970416668,193.46039442205833,0.0013698562242798365,3,2
stain/Sta_0151.jpg,76.19150270061728,68.57868259271525,124.82667532429191,0.0006368764574759951,2,2
stain/Sta_0118.jpg,40.54090084876543,31.868826510592402,56.57049738505708,0.0004182163923182445,1,2
stain/Sta_0306.jpg,44.34606626157407,30.071672428465202,39.60954940692895,0.00038157801783264783,1,2
stain/Sta_0085.jpg,48.873846450617286,35.42612100961876,63.713239749032475,0.0010040126028806593,3,2
stain/Sta_0324.jpg,39.13810185185185,27.633034940233124,24.770882729593914,0.0015147637174211263,4,2
stain/Sta_0209.jpg,48.51589554398148,31.238932191809294,96.84594937663556,0.002108635888203019,4,2
stain/Sta_0220.jpg,40.33457995756173,24.291490796129583,31.759945293293374,0.0008762669753086429,3,2
stain/Sta_0346.jpg,44.3981819058642,30.03802757298485,50.276150602911024,0.0008690524691358034,3,2
stain/Sta_0384.jpg,41.935988136574075,30.691545617776203,91.53085284881493,0.000458706361454047,1,2
stain/Sta_0045.jpg,37.646336805555556,28.76640406084517,47.43622866401616,0.001795435185185187,6,2
stain/Sta_0328.jpg,46.450162519290124,31.62730867394502,53.2871706981685,0.00032373979766803874,1,2
stain/Sta_0200.jpg,69.20409577546296,75.40156871016538,100.20288473848987,0.0012722932956104266,4,2
stain/Sta_0171.jpg,86.73418354552469,72.48302968213927,191.2253976749929,0.0009174127229080939,2,2
stain/Sta_0387.jpg,41.92841194058642,31.19239256657084,93.24070189323032,0.0012221904149519903,4,2
stain/Sta_0132.jpg,40.43527777777778,29.807289527070683,43.28308978594079,0.000564197702331962,2,2
stain/Sta_0335.jpg,40.46709346064815,30.241884884714885,46.427471910978966,0.000640728052126201,2,2
stain/Sta_0164.jpg,87.46006606867284,72.22073194639971,191.22138585022466,0.0013148986625514413,3,2
oil/Oil_0149.jpg,88.43560040509259,82.1596405515661,143.69011504037957,0.0029567958677456257,2,3
oil/Oil_0307.jpg,34.90850405092593,30.913277420729663,90.76298357692676,0.01893952613090351,2,3
oil/Oil_0392.jpg,43.452105999228394,30.921701520991213,84.9919144047062,0.04998836280554273,1,3
oil/Oil_0309.jpg,85.69047357253086,87.06495407185496,125.44471464518898,0.00904115428946085,1,3
oil/Oil_0033.jpg,81.75220727237654,75.83015132911642,161.91716259591453,0.041463181579909206,1,3
oil/Oil_0042.jpg,81.98936390817902,75.66047774602694,163.12353511852163,0.03882311244004565,1,3
oil/Oil_0022.jpg,81.88065923996913,75.70662439703642,138.32737339717738,0.0428049111932945,1,3
oil/Oil_0047.jpg,79.53158950617284,76.48574078848074,133.09790461568295,0.02833875266909048,1,3
oil/Oil_0251.jpg,89.67472752700617,90.3032750468121,115.59968024509678,0.012321605098577324,2,3
oil/Oil_0057.jpg,47.020475019290124,32.0199903176767,89.68261959769005,0.0220624698758806,1,3
oil/Oil_0299.jpg,30.04288097993827,31.701372969974592,88.08389708023084,0.021905928319824894,2,3
oil/Oil_0163.jpg,43.87148582175926,33.068624748070135,101.1774669325003,0.010557586428837076,1,3
oil/Oil_0355.jpg,43.663096064814816,31.91123205202149,82.08553192417175,0.02602831620466553,1,3
oil/Oil_0118.jpg,78.99246576003087,77.11175109083338,122.66826616146095,0.027495825037511537,1,3
oil/Oil_0125.jpg,85.80253038194445,82.41549450692004,132.31448005269417,0.006910534771916995,1,3
oil/Oil_0003.jpg,39.08100067515432,31.28814594568615,68.4508015026612,0.07610293852435362,1,3
oil/Oil_0050.jpg,80.7592148919753,76.16410041416515,141.00342145794949,0.027925868883801826,4,3
oil/Oil_0219.jpg,38.82461564429013,26.110493526085747,45.64152397296465,0.011315548681111275,1,3
oil/Oil_0198.jpg,41.31744936342593,26.10969305610892,69.6076753927348,0.001642998526790292,1,3
oil/Oil_0038.jpg,81.76680169753087,75.75460055037645,163.44814390550337,0.058941708626692804,1,3
oil/Oil_0225.jpg,38.901769386574074,26.049235884307784,50.6114228801964,0.016301233712937305,2,3
oil/Oil_0216.jpg,38.72990306712963,26.351299864208368,39.81939979204975,0.011055182777927386,1,3
oil/Oil_0185.jpg,47.171183931327164,27.87725723672193,54.21006139539388,0.0019399395193179054,1,3
oil/Oil_0242.jpg,39.27956886574074,27.5205691874657,45.373481420194864,0.014822328144236677,1,3
oil/Oil_0364.jpg,43.1062287808642,30.925468061471854,70.05986997008146,0.03400746002776494,1,3
oil/Oil_0237.jpg,40.044432388117286,28.103947944316786,44.09133552338377,0.018272341676712475,2,3
oil/Oil_0208.jpg,39.45335503472222,27.275161237010686,39.17806766493054,0.009637561757784435,1,3
oil/Oil_0052.jpg,79.78811294367284,76.15788207860471,124.39826479147239,0.024863941509246423,1,3
oil/Oil_0070.jpg,41.81318865740741,32.471000702631635,143.4879953712353,0.09368659674397675,1,3
oil/Oil_0399.jpg,44.497199074074075,32.58608457389403,85.5534953265648,0.06736603550291113,1,3
oil/Oil_0018.jpg,81.68798225308642,75.72552780662726,148.1071064577537,0.038425850114672026,1,3
oil/Oil_0349.jpg,45.752581500771605,32.56653989122429,89.59583072479414,0.0685281258416051,1,3
oil/Oil_0278.jpg,35.1912075617284,28.81628423516886,56.41243853728485,0.035354177821274056,3,3
oil/Oil_0058.jpg,80.06354504243828,76.28401397998614,127.00359510575531,0.01613249556220289,1,3
oil/Oil_0083.jpg,34.874919945987656,26.97521843416912,13.955205144947382,0.011072505816426416,1,3
oil/Oil_0165.jpg,43.51662229938272,31.991482495925787,126.70125501564956,0.045385726657881896,1,3
oil/Oil_0342.jpg,45.843301986882715,32.55241426699407,84.47015324767312,0.019890668482930647,1,3
oil/Oil_0130.jpg,85.67387731481482,82.21863518060732,131.06053730512073,0.007828541594529084,1,3
oil/Oil_0264.jpg,34.20625048225309,28.16404234216158,44.07956066307322,0.02470349116501657,2,3
oil/Oil_0378.jpg,43.221738040123455,30.777984243755252,70.36925577436091,0.06475825193809633,1,3
oil/Oil_0048.jpg,80.64763551311728,76.757401424682,200.35379316647374,0.06110712651168307,1,3
oil/Oil_0035.jpg,45.85414351851852,32.16900090179249,85.09086349237504,0.0354531786356272,1,3
oil/Oil_0051.jpg,79.7174392361111,76.18617722902717,122.62847480387538,0.024152262862397814,1,3
oil/Oil_0339.jpg,44.79510127314815,32.46241639974127,77.60058818309881,0.019309122024191196,1,3
oil/Oil_0078.jpg,33.622042341820986,27.709107420183788,14.266290981353539,0.012022899741052792,1,3
oil/Oil_0119.jpg,79.59248987268519,77.41241213580442,128.54595578807493,0.03176396824022775,2,3
oil/Oil_0303.jpg,31.301988329475307,30.267997823230754,92.15183270740691,0.03213254919783008,2,3
oil/Oil_0239.jpg,38.73606867283951,26.648783604658924,45.592119200978985,0.017048142216835933,2,3
oil/Oil_0255.jpg,27.773166956018517,20.861897774025564,16.175220506196617,0.015297360125230829,1,3
oil/Oil_0032.jpg,82.30404706790124,75.63020877518062,169.84220906528427,0.043967433021592124,1,3
oil/Oil_0217.jpg,38.35524257330247,25.435405701278892,44.68120643730254,0.010511290132540771,1,3
oil/Oil_0056.jpg,79.87328221450618,76.53702602599454,153.77026805715462,0.014835412431923486,1,3
oil/Oil_0333.jpg,85.30397472993828,87.51852624100516,142.55559515857243,0.0347866163680705,2,3
oil/Oil_0141.jpg,87.03014853395062,82.11684052787469,132.68502891282859,0.007497728668115824,1,3
oil/Oil_0085.jpg,35.85398485725309,27.562650409827324,12.947413105621123,0.011519478282313362,1,3
oil/Oil_0371.jpg,36.230219425154324,29.623407945449944,66.59688304759257,0.026312870907394578,1,3
oil/Oil_0090.jpg,46.70435040509259,32.72289375987343,93.04085113064328,0.01548442355927891,1,3
oil/Oil_0222.jpg,39.33414737654321,26.24856855382566,50.01872946241509,0.016260775217160826,2,3
oil/Oil_0098.jpg,38.1893962191358,27.564908649795303,40.33344321871692,0.011491431458076835,1,3
oil/Oil_0226.jpg,39.13336082175926,27.101937055988163,47.11119396921587,0.01722793378197564,2,3
oil/Oil_0287.jpg,33.99392119984568,31.548426932050397,101.97137634825366,0.01777711818647189,1,3
oil/Oil_0321.jpg,84.66294656635803,87.45123502967752,129.22099457268433,0.024507049177524696,2,3
oil/Oil_0154.jpg,94.84509596836419,76.06756268983514,102.92654815069129,0.0021973484496297956,1,3
oil/Oil_0167.jpg,45.68184268904321,34.78151446439701,100.57375932887243,0.060572853880253734,2,3
oil/Oil_0274.jpg,31.77942853009259,27.373734491814602,52.4239929074553,0.03140333176768064,2,3
oil/Oil_0053.jpg,79.69144820601852,76.23146054958336,120.42684810274118,0.022598494181436158,1,3
oil/Oil_0243.jpg,40.39927131558642,26.734109166562238,44.68944333309574,0.01744706704627063,2,3
oil/Oil_0036.jpg,81.69334490740741,75.74142998342126,163.18564532487417,0.05886362169930491,1,3
oil/Oil_0283.jpg,34.555814525462964,31.591746672957402,84.5327237166477,0.010292334540435507,1,3
oil/Oil_0204.jpg,40.17592737268519,27.022627551215876,43.170180967657735,0.01324416760979873,1,3
oil/Oil_0297.jpg,34.28022087191358,30.33627718006381,78.43097648290939,0.02008478837505556,2,3
oil/Oil_0247.jpg,39.520732542438274,25.546994383166407,51.6593681650986,0.01786831545122857,3,3
oil/Oil_0009.jpg,44.28051263503087,30.723011977296636,69.05954377187625,0.08179504784859015,1,3
oil/Oil_0344.jpg,46.02255208333333,33.07924948391316,99.50331729538526,0.0206428817707799,1,3
oil/Oil_0358.jpg,42.94390769675926,31.379565054002303,66.25863590378597,0.02390435939423667,1,3
oil/Oil_0015.jpg,82.02292390046296,75.74783934584178,164.85129749775925,0.041444995562202894,1,3
oil/Oil_0084.jpg,32.4593928433642,26.213090920151913,12.698613753084041,0.011205620359148965,1,3
oil/Oil_0325.jpg,84.49109182098765,87.31240096013667,129.33993744436145,0.024206833940357712,2,3
oil/Oil_0348.jpg,45.88154369212963,33.35039583892756,103.3767139195953,0.09797019709322952,1,3
oil/Oil_0372.jpg,39.982154224537034,31.766328874798347,82.85751144044886,0.02579642861532181,1,3
oil/Oil_0361.jpg,43.55533950617284,31.967862428401684,69.48078601392278,0.02530633257081237,1,3
oil/Oil_0121.jpg,88.64608892746914,81.8895799067254,135.3242710240912,0.006060500252748705,1,3
oil/Oil_0256.jpg,35.6964028742284,29.725872494316132,53.89680359435951,0.0135016273035934,1,3
oil/Oil_0043.jpg,82.26667486496913,75.67297359839877,160.67711119014675,0.037641795432248375,1,3
oil/Oil_0391.jpg,44.30624517746914,31.774800671576795,111.46637577190054,0.060631802640662945,1,3
oil/Oil_0113.jpg,47.51067611882716,31.391478196822757,75.01397326039454,0.011878731449954676,1,3
oil/Oil_0012.jpg,81.46509500385802,75.74384894991624,131.591327548378,0.03547729128994818,1,3
oil/Oil_0112.jpg,42.0834447337963,32.522595187954806,83.86605968578156,0.010741502860923006,2,3
oil/Oil_0290.jpg,47.14326871141975,31.34000290278702,72.15055393638875,0.016271282924126215,1,3
oil/Oil_0281.jpg,28.59154610339506,27.58394673323491,84.42887163786968,0.014552532924126216,1,3
oil/Oil_0180.jpg,48.115122010030866,31.92006750613816,112.45582350156226,0.077391176785699,3,3
oil/Oil_0223.jpg,42.37709828317901,35.15334487050512,113.57679323742163,0.012277986909968015,3,3
oil/Oil_0181.jpg,51.41074363425926,29.82670366097417,50.980818243541236,0.036536204849889696,1,3
oil/Oil_0393.jpg,43.178311631944446,29.417355060348907,44.87011669162682,0.08378957046879806,1,3
oil/Oil_0328.jpg,85.36458670910494,87.3856892616812,147.58063388314557,0.03665791096779777,3,3
oil/Oil_0275.jpg,32.95371045524691,27.89237426735721,55.78199586089336,0.034918398703340334,3,3
oil/Oil_0065.jpg,80.08890625,76.26900960165264,148.2838539275412,0.01633129805164409,1,3
oil/Oil_0250.jpg,89.7722019675926,90.2782851985361,114.98301765685952,0.010662261064301824,2,3
oil/Oil_0289.jpg,34.403512731481484,32.27473338289492,104.75582560498111,0.012665616530513646,2,3
oil/Oil_0063.jpg,79.9959302662037,76.48743417161525,152.22596211741157,0.01341191553864864,1,3
oil/Oil_0092.jpg,34.569464699074075,27.215351901654543,41.828363676373606,0.01225136079530881,1,3
oil/Oil_0306.jpg,35.55541425540123,31.41332213778926,96.02956882890102,0.031097900248687613,1,3
oil/Oil_0014.jpg,81.86957127700617,75.79120461740072,164.91740540598173,0.04126349072951933,1,3
oil/Oil_0343.jpg,46.426389853395065,32.773683097395974,90.36974025610616,0.020600456190045656,1,3
oil/Oil_0001.jpg,36.10681664737654,23.699997574965714,25.029343796941305,0.010043276537011377,2,3
oil/Oil_0073.jpg,40.808790027006175,31.407519526151372,40.55026882192119,0.05905940376152063,1,3
oil/Oil_0383.jpg,43.699822530864196,31.393796377176034,76.04013533587046,0.04891263384192998,1,3
oil/Oil_0246.jpg,46.39717206790124,32.117031940272604,82.74068238789381,0.013875601881241227,1,3
oil/Oil_0291.jpg,34.181779031635806,31.652777075084337,96.48414785734487,0.015738520506309615,2,3
oil/Oil_0241.jpg,37.63772569444444,27.851202257785527,41.06418735702995,0.01481164243111127,1,3
oil/Oil_0138.jpg,86.4844704861111,82.26605438249997,132.62076903196922,0.010143851353301012,1,3
oil/Oil_0133.jpg,86.27537615740741,82.48162221276004,129.19651899521207,0.007642874156257472,1,3
oil/Oil_0074.jpg,91.21175395447531,74.1430069267395,113.95979485888073,0.07574223859745305,1,3
oil/Oil_0116.jpg,78.85443672839506,78.07635455017582,125.50178527897872,0.015114078570649935,1,3
oil/Oil_0100.jpg,38.54140914351852,28.314385449804785,36.24120558046359,0.011743700585757149,1,3
oil/Oil_0359.jpg,43.16801070601852,32.22285383311584,83.41835153704402,0.029525361769967663,1,3
oil/Oil_0301.jpg,46.53006992669753,31.398418024503773,77.8486156782116,0.01757086615593259,1,3
oil/Oil_0162.jpg,89.04293788580247,76.22873259173124,110.30466989976337,0.07277150882162459,1,3
oil/Oil_0369.jpg,43.53629340277778,31.820266632333624,80.84026224002895,0.029862329768668133,1,3
oil/Oil_0136.jpg,86.7040200617284,82.21469722653318,130.9393661064492,0.008337521654633043,1,3
oil/Oil_0377.jpg,42.90223042052469,30.4805287353271,67.40308159703993,0.052567515766069016,1,3
oil/Oil_0263.jpg,35.04578366126543,29.547230843501556,62.19948535527407,0.025308338062352505,2,3
oil/Oil_0337.jpg,46.247537133487654,30.99314209975393,66.940498343189,0.019245984942482294,1,3
oil/Oil_0311.jpg,85.60138985339506,87.2102813050943,137.26528601799455,0.00835120241324253,1,3
oil/Oil_0374.jpg,43.372051022376546,31.604356072098103,84.4943429396576,0.04141958843907098,1,3
oil/Oil_0093.jpg,34.883261477623456,27.642853692301156,40.01543817588904,0.012052202961488146,1,3
oil/Oil_0375.jpg,43.03165461033951,31.25370528359811,67.80739673495312,0.0234106591424498,1,3
oil/Oil_0186.jpg,45.780034722222226,25.322763974484232,73.60282233581961,0.001900407457102181,1,3
oil/Oil_0341.jpg,45.86256076388889,32.20604982563836,81.71799129766467,0.018603205032638244,1,3
oil/Oil_0400.jpg,45.43830150462963,32.59709039303915,83.73936240140235,0.06487681005213139,1,3
oil/Oil_0176.jpg,47.16644627700617,34.752323488695694,104.10629358543086,0.12262028540833071,4,3
oil/Oil_0006.jpg,44.041771315586416,30.38135036636606,68.03550703433105,0.08811800766421717,1,3
oil/Oil_0202.jpg,39.813381076388886,26.214155333910828,46.8922849670324,0.01280836311012362,1,3
oil/Oil_0314.jpg,85.455067033179,87.1962870463115,132.82600135662614,0.00921234144426918,1,3
oil/Oil_0381.jpg,42.979394772376544,30.7567930163011,61.403513641507196,0.028214635953690875,1,3
oil/Oil_0114.jpg,79.24244454089506,77.21132472733511,112.82632722949933,0.004255401568538176,1,3
oil/Oil_0220.jpg,38.70148823302469,26.17574770736821,45.79831063495223,0.010569109739428366,1,3
oil/Oil_0147.jpg,86.51763020833333,82.13485818075836,119.09824677390456,0.007400338926400422,1,3
oil/Oil_0273.jpg,35.73343942901234,29.702430369326866,57.3387258677867,0.03521295347820695,2,3
oil/Oil_0068.jpg,46.669540412808644,32.203099139745675,91.6649498356172,0.01710443858526982,1,3
oil/Oil_0160.jpg,97.3413956404321,75.92698461424878,114.79262634243487,0.0736038141944316,1,3
oil/Oil_0382.jpg,42.96454861111111,31.58078274949719,77.98462565568464,0.051212790701091776,1,3
oil/Oil_0094.jpg,34.60683738425926,27.828302570030914,47.40650596726215,0.01134232708621883,3,3
oil/Oil_0102.jpg,38.82149353780864,28.756759074090226,32.64604064308451,0.011351704971722058,1,3
oil/Oil_0166.jpg,44.184270351080244,34.54023578511389,97.15000498260069,0.05523733230684226,1,3
oil/Oil_0101.jpg,44.711211419753084,32.117359648293515,94.49479536524645,0.01341010074413921,1,3
oil/Oil_0016.jpg,81.86756317515432,75.51828937307452,147.66330097465138,0.0451176193235739,1,3
oil/Oil_0229.jpg,39.09734085648148,26.830632179951877,48.63472115280718,0.016820544141787207,2,3
oil/Oil_0148.jpg,83.97378568672839,81.95443349263275,127.50131974191551,0.007982291826972392,2,3
oil/Oil_0004.jpg,44.36627025462963,31.132040784126644,79.32595473098836,0.08234449909534126,1,3
oil/Oil_0385.jpg,43.89977382330247,30.24512965758949,67.85194567909585,0.09035058563692674,1,3
oil/Oil_0302.jpg,35.108968942901235,31.568537067754452,100.05233892058884,0.04046740543564684,2,3
oil/Oil_0171.jpg,44.69812258873457,33.23891424929882,111.04571452385167,0.09152819724445127,2,3
oil/Oil_0179.jpg,46.9680859375,31.76906342233877,79.5889746916027,0.011301449123768846,1,3
oil/Oil_0128.jpg,85.92004533179012,82.01395909770888,120.27915066859028,0.006702709073411482,1,3
oil/Oil_0031.jpg,82.43850356867284,75.6860940859059,179.26169258439782,0.044456869140825375,1,3
oil/Oil_0039.jpg,80.19815923996913,76.25501855187593,148.06935059665335,0.049926697864834474,1,3
oil/Oil_0280.jpg,35.63126494984568,29.073594248958376,57.48975492946008,0.03404131993872044,3,3
oil/Oil_0024.jpg,44.73380304783951,33.068449581735145,89.04067112107393,0.019636749876030223,2,3
oil/Oil_0161.jpg,98.19291473765432,76.23195096258132,110.12533067959045,0.09101028247740757,1,3
oil/Oil_0370.jpg,70.60231722608025,82.67996669264184,119.94808520806413,0.007306832591117771,1,3
oil/Oil_0347.jpg,44.8228125,32.77292771377676,89.55582555536128,0.06921160537376884,1,3
oil/Oil_0191.jpg,45.79052710262346,25.67509789412714,73.82674373499283,0.0019563234333854853,1,3
oil/Oil_0293.jpg,34.225336612654324,32.560812286428714,111.71539303566053,0.03149191404513353,2,3
oil/Oil_0345.jpg,45.123452932098765,31.578084535858142,69.51557225308282,0.06610729149300211,1,3
oil/Oil_0313.jpg,85.45144048996913,87.1987737091517,131.79930952253278,0.00844375693322304,1,3
oil/Oil_0005.jpg,44.03112461419753,30.534845832272918,68.62732203076641,0.06272937513091632,1,3
oil/Oil_0177.jpg,46.73553771219136,34.16726744609598,123.72689868754226,0.17645375293092316,3,3
oil/Oil_0331.jpg,85.22470293209877,87.58821705177218,153.0868843469793,0.04209424815007179,2,3
oil/Oil_0298.jpg,34.860803433641976,32.08099276411249,96.75474240339662,0.022407014658356407,2,3
oil/Oil_0086.jpg,31.653088348765433,24.937475159938174,11.021978400442187,0.012033230109798745,1,3
oil/Oil_0201.jpg,46.69781539351852,31.070609503746212,72.68139129968333,0.011926449123768848,1,3
oil/Oil_0082.jpg,34.945729166666666,27.45428747115035,13.956318635613508,0.011175695286049546,1,3
oil/Oil_0350.jpg,41.950473090277775,33.17239827984873,97.73238912562242,0.06022410908751836,3,3
oil/Oil_0168.jpg,47.15773582175926,31.774306888209548,81.40027970248853,0.012302555767693473,1,3
oil/Oil_0249.jpg,88.81385947145061,91.04635705005212,84.94982564567964,0.010672972159168619,2,3
oil/Oil_0007.jpg,43.14806230709876,30.46606546114621,68.12936719397376,0.07462817051346993,1,3
oil/Oil_0145.jpg,74.86212287808642,82.82025716247138,125.00494971275805,0.008005845749012508,1,3
oil/Oil_0310.jpg,85.73361400462963,87.23077299137479,136.84676340491575,0.008770153436634339,1,3
oil/Oil_0175.jpg,46.4207315779321,34.39544112049945,97.80297223054903,0.12000553422153394,3,3
oil/Oil_0227.jpg,38.68554108796296,26.589778125772796,49.352164198900205,0.017103550558291433,2,3
oil/Oil_0066.jpg,79.63511140046296,76.44189718332889,147.24038261198442,0.0192339159244511,1,3
oil/Oil_0021.jpg,81.82704764660494,75.71504828339958,141.12079416660933,0.042451863861423154,1,3
oil/Oil_0158.jpg,92.41554928626543,76.32437753002293,119.14252573835968,0.04828495606821328,1,3
oil/Oil_0054.jpg,79.61727237654321,76.41467506748714,138.81294154698156,0.03208980601135819,1,3
oil/Oil_0296.jpg,35.695791859567905,32.62538980361538,98.19540645646252,0.01723770575241099,2,3
oil/Oil_0089.jpg,35.723316936728395,27.465676923512337,46.49339662034267,0.01139171928702421,1,3
oil/Oil_0305.jpg,34.84405285493827,30.024708776025946,72.6959440779321,0.011558566164054741,1,3
oil/Oil_0390.jpg,43.09663387345679,33.85373883279831,103.5504662513427,0.01831495762050716,2,3
oil/Oil_0013.jpg,41.020139853395065,33.81544609691742,99.97612732924887,0.029836039611428392,3,3
oil/Oil_0362.jpg,43.104620949074075,31.66221706160826,61.900572901186,0.028149265278739594,1,3
oil/Oil_0142.jpg,86.9748046875,82.15375507387755,121.70235115710601,0.007394615343716862,1,3
oil/Oil_0270.jpg,35.715885416666666,29.54804566581298,50.463777844697844,0.026419081138213455,2,3
oil/Oil_0115.jpg,80.10278645833333,77.34730868886153,117.08411645317946,0.012452371496250973,1,3
oil/Oil_0232.jpg,39.62954282407407,28.057038483623778,43.28931591298968,0.016351400724795653,2,3
oil/Oil_0351.jpg,42.09894820601852,32.689900008276815,83.98971489167182,0.02832259719069541,1,3
oil/Oil_0214.jpg,38.756504147376546,26.087746109929547,40.34676812723464,0.009839143547907896,1,3
oil/Oil_0067.jpg,79.51365017361111,76.60852157903948,156.390858743531,0.004198939884814979,1,3
oil/Oil_0123.jpg,87.84958670910494,81.92639896510155,134.10994995284634,0.007317467540760397,1,3
oil/Oil_0156.jpg,97.05376736111111,75.74207670336125,116.13794656447423,0.02795490459404175,1,3
oil/Oil_0041.jpg,82.36434847608025,75.75330043954193,179.24960000008355,0.03931976966470452,1,3
oil/Oil_0267.jpg,35.301102912808645,28.845823705915915,52.92823035457189,0.026438130135127042,2,3
oil/Oil_0060.jpg,79.84963155864197,76.38124946181014,144.48984706644913,0.014499776974646038,1,3
oil/Oil_0394.jpg,44.27653308256173,30.78634982097028,62.980935969795084,0.0814251089678234,1,3
oil/Oil_0354.jpg,43.29133584104938,31.400912796140283,70.58660776793253,0.026736885588193794,1,3
oil/Oil_0134.jpg,86.35122299382716,82.25469414309273,133.90063445598364,0.0084818422361795,1,3
oil/Oil_0008.jpg,43.88470679012346,30.349580513359115,64.46002170073562,0.06644749566372987,1,3
oil/Oil_0091.jpg,35.8286188271605,27.658302028952697,45.84848895037035,0.011719549858824079,1,3
oil/Oil_0150.jpg,85.16218171296296,82.3522133224473,147.67266712479875,0.005543639829883543,3,3
oil/Oil_0312.jpg,45.732527970679016,31.193807410294884,67.9708752735091,0.01936989860395078,1,3
oil/Oil_0146.jpg,47.14540509259259,31.68405508080804,82.0644039113702,0.012990807401208906,2,3
oil/Oil_0357.jpg,41.62563850308642,33.87689823842592,98.63956746345218,0.005857522466848772,1,3
oil/Oil_0218.jpg,39.14958574459877,26.626717547556012,43.04553461728728,0.010963554691507638,1,3
oil/Oil_0124.jpg,42.18050829475309,33.32781293541469,88.7860831395381,0.012263505958564161,1,3
oil/Oil_0072.jpg,43.95790412808642,31.55496786616634,43.93109353055602,0.016588656218473198,1,3
oil/Oil_0323.jpg,46.502259355709874,32.33478062260956,88.10449884467432,0.016829897313489616,2,3
oil/Oil_0127.jpg,87.11126012731482,81.98025195845945,126.63004528165565,0.007102408045958587,1,3
oil/Oil_0228.jpg,39.11428240740741,27.068449398544097,49.52672771648311,0.016563566701078954,2,3
oil/Oil_0376.jpg,43.82270543981482,32.279147198121635,85.4285658870556,0.03158962072464602,1,3
oil/Oil_0365.jpg,42.475966435185185,31.02303094800753,80.0625323083927,0.04209749667899951,1,3
oil/Oil_0061.jpg,79.88328125,76.41943108108399,144.84165300796343,0.014147795675913092,1,3
oil/Oil_0292.jpg,34.1331037808642,32.08198911042874,97.43592493700571,0.019350316924438275,2,3
oil/Oil_0087.jpg,36.15516878858025,28.25788491718248,48.1286684934958,0.01092199208998068,1,3
oil/Oil_0080.jpg,33.996751543209875,26.507056571590585,13.642578091417175,0.01278521496197547,1,3
oil/Oil_0259.jpg,34.94537037037037,29.319250054914075,54.479502635691496,0.013695454971722056,1,3
oil/Oil_0183.jpg,46.22813946759259,26.090590877203187,70.25224256786873,0.0017635110349124477,1,3
oil/Oil_0395.jpg,44.50724247685185,30.88084041289541,81.03941646606184,0.10846104189910998,1,3
oil/Oil_0153.jpg,94.91448206018518,76.34793494699883,90.29037478080902,0.0017047015401106284,1,3
oil/Oil_0025.jpg,81.63520495756173,75.81074865221261,128.820506244405,0.03517947462734258,1,3
oil/Oil_0317.jpg,86.41055314429012,87.0203363191322,145.6966252367336,0.022988764171026972,2,3
oil/Oil_0071.jpg,33.58418595679012,28.41015378812305,101.4453840909337,0.1469994977754907,1,3
oil/Oil_0284.jpg,33.84669367283951,31.236776064168588,85.23704040284333,0.010109852510708412,1,3
oil/Oil_0356.jpg,43.00071518132716,31.607233410524458,71.00915219727308,0.0311779415701626,1,3
oil/Oil_0340.jpg,45.25013599537037,33.098654202143614,94.65816599128885,0.021487408786036718,2,3
oil/Oil_0286.jpg,33.040886863425925,31.21280893778668,95.93276705097232,0.014179802385776805,2,3
oil/Oil_0279.jpg,46.10365258487654,32.10850530336209,86.61902242938991,0.015979228250786553,2,3
oil/Oil_0360.jpg,43.36680362654321,32.032123826491215,81.11984300692627,0.023619956981955972,1,3
oil/Oil_0096.jpg,38.74243730709877,28.651095530154738,37.72107301074486,0.012350730312852661,1,3
oil/Oil_0055.jpg,80.71900511188272,76.3881054297814,159.6835622444893,0.023817591911293214,1,3
oil/Oil_0178.jpg,48.38803722993827,32.58115557373953,102.97943423970099,0.06814751427255393,2,3
oil/Oil_0224.jpg,46.66326388888889,30.659834276802275,68.96632567093249,0.016041552782800686,1,3
oil/Oil_0257.jpg,46.15912615740741,32.36318166731233,90.88193140942239,0.014412996800831874,1,3
oil/Oil_0260.jpg,36.023494888117284,29.862708261167832,57.381652509719615,0.013809228627505032,1,3
oil/Oil_0095.jpg,35.535628858024694,28.179171747244634,44.895689104829,0.011156405162592753,1,3
oil/Oil_0206.jpg,39.833513695987655,27.537735215906533,47.15102872004581,0.025329252617258283,2,3
oil/Oil_0271.jpg,34.643714795524694,29.62198368494258,50.91495611268975,0.025477799258746266,2,3
oil/Oil_0026.jpg,82.08883921682099,75.70261498750341,143.5355031472958,0.04278659826688124,1,3
oil/Oil_0215.jpg,39.102232831790126,26.50407581395957,41.717740186473186,0.011283250415191843,1,3
oil/Oil_0252.jpg,89.57681230709876,90.21852868111353,107.41501735382685,0.010415093666641005,2,3
oil/Oil_0335.jpg,44.12100887345679,32.16916025801637,89.02342343723186,0.013173225976582534,2,3
oil/Oil_0002.jpg,29.70146026234568,25.909085212641237,46.090632611086555,0.030161369747731016,2,3
oil/Oil_0122.jpg,85.57932725694444,82.77137547255332,133.7924659735262,0.007959701743164554,1,3
oil/Oil_0210.jpg,39.556892843364196,27.35744562817424,42.81474622398602,0.010760094652521281,1,3
oil/Oil_0170.jpg,45.309296875,34.92980260657757,101.71493961919509,0.08463144542604988,3,3
oil/Oil_0322.jpg,85.25014853395062,87.42525463795855,146.19578350881605,0.024158608631715723,2,3
oil/Oil_0140.jpg,86.67098186728396,82.35099799349813,127.75634432542074,0.009261379302605927,2,3
oil/Oil_0143.jpg,86.69858892746913,82.19474778594615,126.72688263449962,0.007026732384002765,1,3
oil/Oil_0190.jpg,47.10522231867284,31.554389578354595,81.07274257033279,0.013243190412755203,1,3
oil/Oil_0159.jpg,97.84266830632716,75.97113350021071,123.55211258471222,0.05990806766665383,1,3
oil/Oil_0197.jpg,41.73222897376543,24.979823398775086,71.8813782503521,0.0020985373303965315,1,3
oil/Oil_0106.jpg,76.50474537037037,77.88811598530756,110.69894525601298,0.007772612927375081,1,3
oil/Oil_0011.jpg,94.34320553626543,76.05370821569977,106.49667957451642,0.2229659456515466,1,3
oil/Oil_0077.jpg,69.75816550925926,68.3514928153836,62.942796036236636,0.01710310604384681,1,3
oil/Oil_0120.jpg,76.69817660108025,75.450011139137,125.34208648889813,0.03400738421651103,2,3
oil/Oil_0209.jpg,38.67322193287037,25.274280568272616,48.24698431951829,0.010984304265094379,1,3
oil/Oil_0045.jpg,81.5465480324074,75.79584536834234,152.19042827944912,0.048862365303106066,1,3
oil/Oil_0088.jpg,35.84815055941358,27.79221174821704,40.10988955464717,0.011261549026302964,1,3
oil/Oil_0103.jpg,35.271362364969136,28.76182476407428,36.28530614892756,0.009965481165679173,1,3
oil/Oil_0366.jpg,42.87551745756173,30.895551267215087,79.57556659837888,0.05930820828150112,1,3
oil/Oil_0398.jpg,44.11907889660494,32.36012230845605,92.99355846701876,0.10470194254482146,1,3
oil/Oil_0316.jpg,85.38463396990741,87.30893997253763,137.31347423254766,0.011296118958076841,1,3
oil/Oil_0268.jpg,46.48394193672839,32.53653125009327,100.63496286636702,0.02451173177484096,1,3
oil/Oil_0318.jpg,86.62888985339507,87.18936100309438,161.51846786981275,0.026922642196530542,2,3
oil/Oil_0019.jpg,81.98160011574075,75.72541307107745,150.57114301376564,0.03824788603491244,1,3
oil/Oil_0126.jpg,85.6520134066358,82.60684321213095,135.06355405636984,0.007290956311878009,1,3
oil/Oil_0238.jpg,39.58376977237654,28.166584901293575,44.04318177441093,0.019140244941819685,2,3
oil/Oil_0193.jpg,45.511460744598764,25.941957221846206,72.53168673854226,0.001882094530688929,1,3
oil/Oil_0329.jpg,85.97069733796296,87.35610720718145,149.11074186689004,0.03307121709190433,3,3
oil/Oil_0079.jpg,46.94911024305556,32.87815985537655,108.39268641805603,0.01908196812961679,1,3
oil/Oil_0044.jpg,81.89001157407408,75.80071704816054,176.63338307920694,0.05597369469719313,1,3
oil/Oil_0379.jpg,46.060889274691355,33.72692355311019,101.52897896550438,0.018750444848414895,2,3
oil/Oil_0330.jpg,85.91899643132716,87.38845745072446,157.74797920172836,0.03510481490298295,3,3
oil/Oil_0262.jpg,35.235028935185184,29.51244222956362,69.52347607075721,0.02550946298113093,2,3
oil/Oil_0236.jpg,39.913595679012346,27.536592772306108,45.73644392767359,0.017307543613846982,2,3
oil/Oil_0388.jpg,40.048732638888886,28.872426578424466,73.13497418855687,0.04801460244979224,1,3
oil/Oil_0064.jpg,76.90733699845678,77.67287258494734,159.37428408098936,0.01554785253101381,1,3
oil/Oil_0203.jpg,34.37847704475308,27.720482502805094,48.12487510820553,0.014258269705315298,1,3
oil/Oil_0346.jpg,46.49755642361111,33.186316892160505,86.53007951660132,0.00273728154335949,1,3
oil/Oil_0196.jpg,46.05964265046296,25.381798455796954,70.29517984676609,0.001819427011195752,1,3
oil/Oil_0294.jpg,34.876707658179015,32.0014326981673,103.58727084910119,0.028924792363996595,3,3
oil/Oil_0368.jpg,36.745197241512344,28.494012644625457,38.639181388111666,0.01360250703475001,1,3
oil/Oil_0282.jpg,32.68280333719136,28.655233376761046,79.58712859680335,0.007772612927375081,1,3
oil/Oil_0221.jpg,38.848001543209875,25.954845870660666,45.18845721808373,0.009449533817563522,1,3
oil/Oil_0233.jpg,39.38978925540123,26.73803166990743,47.55467688976203,0.016369739032950303,2,3
oil/Oil_0254.jpg,40.21331597222222,30.68425306487661,106.28137103016381,0.27673106114648516,3,3
oil/Oil_0069.jpg,79.10217496141975,76.4875629937524,132.7522471664617,0.004413060255185349,1,3
oil/Oil_0276.jpg,32.28888310185185,29.855371855869247,66.94495193803759,0.04304947763040336,3,3
oil/Oil_0384.jpg,44.208356963734566,30.751330821772196,68.38689518781378,0.08090008764716065,1,3
oil/Oil_0139.jpg,86.6736646412037,82.21721704176316,124.00166431754339,0.01061633246928542,1,3
oil/Oil_0387.jpg,44.13407793209876,30.709915243290716,77.4242909215103,0.06831587102922694,1,3
oil/Oil_0212.jpg,45.831061921296296,29.910734617872738,61.30646219120081,0.016408953489428373,1,3
oil/Oil_0117.jpg,80.03087914737654,77.42918114679958,131.83087545324258,0.016812168167128334,2,3
oil/Oil_0030.jpg,82.44326919367283,75.50363448590845,148.70403689676698,0.048299131770779886,1,3
oil/Oil_0320.jpg,84.76654899691358,87.34455716710181,128.09141988507716,0.026909824417128334,2,3
oil/Oil_0386.jpg,43.99780381944444,29.771478007937393,57.46124272259973,0.08432527750258624,1,3
oil/Oil_0315.jpg,85.28032552083333,87.27199537075782,134.1002205154795,0.009762934869382888,1,3
oil/Oil_0174.jpg,45.24243827160494,31.60565856112809,132.29679930483738,0.10257759298534161,3,3
oil/Oil_0277.jpg,33.18485628858025,28.94311218390702,62.36472942865711,0.03814986241760285,3,3
oil/Oil_0188.jpg,45.1098649691358,25.163870213107856,78.0833577850195,0.0020662390644770995,1,3
oil/Oil_0062.jpg,80.03431327160494,76.53132812312359,163.9646956967003,0.018900742496088533,1,3
oil/Oil_0245.jpg,39.673835358796296,26.272894341179562,50.84798802726247,0.017892377342066775,3,3
oil/Oil_0269.jpg,35.31974247685185,29.598895073873553,59.23225351122641,0.028990073868882728,2,3
oil/Oil_0189.jpg,45.65187162422839,26.490685714199998,65.54407344304232,0.001876307493651891,1,3
oil/Oil_0192.jpg,45.768897087191355,25.88064098223328,71.00534925124255,0.0018724494689605375,1,3
oil/Oil_0207.jpg,39.73834490740741,27.491416311881775,38.56784701884405,0.010490070996738302,1,3
oil/Oil_0076.jpg,48.58856047453704,31.887457841811994,22.984882585020305,0.01842385764797287,1,3
oil/Oil_0049.jpg,80.4306679205247,76.19520910905307,146.970951584168,0.03847578869085785,1,3
oil/Oil_0010.jpg,93.88036168981482,77.00409321121322,132.98159996315283,0.08842083722074738,1,3
oil/Oil_0107.jpg,80.51383777006173,77.62129791939866,132.85488128419098,0.01648794213657619,3,3
oil/Oil_0169.jpg,44.20411988811728,32.93815240677197,116.06781697864264,0.06349667853196281,3,3
oil/Oil_0199.jpg,40.225818383487656,27.591908930804266,36.932920927098955,0.0019399395193179087,1,3
oil/Oil_0194.jpg,45.290583043981485,24.802218763873984,81.73142760185566,0.0017577239978754133,1,3
oil/Oil_0338.jpg,45.42035397376543,32.74999478828077,86.10098460821459,0.01664436914082537,1,3
oil/Oil_0027.jpg,81.60247299382716,75.62063827118698,120.91988056892336,0.043307355454990405,1,3
oil/Oil_0240.jpg,38.811546585648145,26.635239363574502,44.75426892645564,0.01678143087830442,2,3
oil/Oil_0332.jpg,85.62503616898148,87.5777556392947,164.9934693240037,0.03436501295270338,2,3
oil/Oil_0023.jpg,81.8712644675926,75.72558321850727,130.955365483537,0.03718011424722562,1,3
oil/Oil_0353.jpg,37.37149064429013,31.04707313106968,77.49007423977324,0.027767612724321142,1,3
oil/Oil_0230.jpg,38.94791087962963,26.56979396723267,46.084706975782524,0.01692708400127388,2,3
oil/Oil_0184.jpg,46.44857204861111,26.617457178607683,63.02036834844036,0.0018194270111957483,1,3
oil/Oil_0300.jpg,34.3619637345679,31.745573030319928,91.17014948615396,0.019952727508570994,3,3
oil/Oil_0059.jpg,80.29194347993827,76.36538166400865,155.8430722506102,0.01779025323764149,1,3
oil/Oil_0046.jpg,46.83529706790124,32.4739770381232,91.99030668732836,0.01858731639649806,2,3
oil/Oil_0105.jpg,80.07734664351852,77.27632088063619,118.15265883892506,0.006627997917628493,1,3
oil/Oil_0367.jpg,42.40445987654321,30.363246439623815,56.07693407183338,0.03127996347968177,1,3
oil/Oil_0075.jpg,88.45534047067902,74.80702608542582,102.59206317093435,0.20011349479059792,1,3
oil/Oil_0099.jpg,38.347900752314814,27.889528830103057,39.919961893698655,0.01140234154579614,1,3
oil/Oil_0152.jpg,89.1907388117284,81.77284307434755,157.62272052780008,0.008693729681248064,3,3
oil/Oil_0195.jpg,45.472649016203704,25.110108782587474,74.8912424052247,0.001933187976108032,1,3
oil/Oil_0037.jpg,82.15963300540123,75.80900805444838,181.02082952296448,0.0505352758781548,1,3
oil/Oil_0017.jpg,76.3791440007716,76.48777287528765,148.7969815658004,0.03859862362831725,1,3
oil/Oil_0182.jpg,49.18334297839506,31.924158751212914,53.103891338845216,0.006097646431273717,1,3
oil/Oil_0137.jpg,86.64346884645062,82.28776707370989,142.2582835818862,0.009631825484230187,1,3
oil/Oil_0144.jpg,86.43310860339506,82.17635182853166,127.65709776311596,0.00728850697383382,1,3
oil/Oil_0234.jpg,39.506203703703704,27.07710519730483,47.12600135131308,0.017207285735354464,2,3
oil/Oil_0397.jpg,45.25355275848766,32.650044542480764,111.65186774370952,0.07299838351704369,1,3
oil/Oil_0272.jpg,33.29640480324074,28.47691720435077,44.56763918816464,0.025671474636426578,2,3
oil/Oil_0304.jpg,32.22946469907407,31.29218491092813,101.6570404083152,0.03522381719749237,3,3
oil/Oil_0285.jpg,33.44019048996913,31.97822890684375,89.96699390351512,0.009460892480806048,2,3
oil/Oil_0211.jpg,39.434299286265436,26.787075606107617,44.871984901208215,0.010478014669577818,1,3
oil/Oil_0132.jpg,87.15837625385802,82.42433434123504,138.615315580879,0.008564320204827973,1,3
oil/Oil_0336.jpg,86.0750602816358,87.44853075149592,158.31533625091222,0.05234340768046149,1,3
oil/Oil_0097.jpg,38.50431375385803,27.90027162827722,39.10151471765881,0.01154313406528931,1,3
oil/Oil_0151.jpg,88.13835792824074,81.41070639341548,139.6901163435236,0.009825920328583995,3,3
oil/Oil_0131.jpg,87.64853346836419,82.33679072203661,139.8655593930762,0.007352189762982622,1,3
oil/Oil_0327.jpg,85.63333140432098,87.40977396503973,151.37431721823782,0.035184615097914713,3,3
oil/Oil_0235.jpg,46.923803047839506,31.547237621503882,79.74516386535579,0.01777270176346995,1,3
oil/Oil_0373.jpg,43.15694733796296,31.045123363625667,64.47188497131725,0.02708207727110478,1,3
oil/Oil_0200.jpg,38.93507137345679,26.242861796473832,39.97845572655234,0.0019987490141197277,1,3
oil/Oil_0040.jpg,81.68365644290124,75.57584781026273,147.38685018807035,0.043469760527277614,1,3
oil/Oil_0244.jpg,39.71072193287037,25.670384309616935,51.203988864529755,0.019694214472508614,3,3
oil/Oil_0034.jpg,82.03680073302469,75.69125321297977,156.77254063679368,0.03439857997172207,1,3
oil/Oil_0029.jpg,81.35862316743827,75.53634851516719,133.7644303534028,0.056969280812365325,1,3
oil/Oil_0104.jpg,40.38733892746914,29.82822218848513,80.41646109043653,0.0025850675742108624,2,3
oil/Oil_0319.jpg,86.39865354938271,87.24107937589746,152.69567056273578,0.02434050688139084,2,3
oil/Oil_0363.jpg,42.84588493441358,31.34444456742266,73.95424430092926,0.028359578387901388,1,3
oil/Oil_0266.jpg,34.96092062114197,28.715898943658818,48.40642250727902,0.026156062843054263,2,3
oil/Oil_0164.jpg,43.53929542824074,32.39333957957678,128.44371293241178,0.021592196971397176,1,3
oil/Oil_0258.jpg,35.991180073302466,28.95901431130735,46.67603050778026,0.014005518324548567,1,3
oil/Oil_0173.jpg,44.453434124228394,32.791357442168774,124.2872906195486,0.10213502425158594,3,3
oil/Oil_0155.jpg,96.81071180555556,75.27783927474607,117.72628327299557,0.008898940392449806,1,3
oil/Oil_0213.jpg,38.66975742669753,27.259568962976168,42.718451099503554,0.010230656908856571,1,3
oil/Oil_0020.jpg,82.09384355709877,75.67982178652301,159.18695264675736,0.04768877703556221,1,3
oil/Oil_0308.jpg,85.1250424382716,83.56229417685977,119.64005176388164,0.00866984479465903,1,3
oil/Oil_0288.jpg,34.442894483024695,31.689665334886257,107.26698631701727,0.02240677319784291,1,3
oil/Oil_0295.jpg,35.8403197337963,32.49617459374635,101.04504145681123,0.02918975202840188,2,3
oil/Oil_0172.jpg,44.95366560570988,33.55321212065807,112.06648316280324,0.09756411528066325,3,3
oil/Oil_0157.jpg,46.844916087962964,31.852702757200376,80.46114868424914,0.012871995135789632,1,3
oil/Oil_0081.jpg,34.75907696759259,27.230005779893087,15.328155324959464,0.013018587383190543,1,3
oil/Oil_0389.jpg,44.283018422067904,31.446297449417578,93.68246118811439,0.05937428964521134,1,3
oil/Oil_0265.jpg,35.077734375,29.071715069619916,52.94786635367007,0.024773722443444127,2,3
oil/Oil_0111.jpg,79.73307291666667,77.25064133419752,120.55478559575127,0.004022536782150912,1,3
oil/Oil_0135.jpg,41.50171006944444,31.55635129828618,78.00092013553989,0.018315363394399115,1,3
oil/Oil_0231.jpg,39.38100935570988,26.691802140150017,43.81299085505232,0.01738604933996784,2,3
oil/Oil_0380.jpg,42.83539448302469,30.323837019072556,60.30242910031199,0.02837438863400276,1,3
oil/Oil_0248.jpg,39.592050057870374,26.203933527312685,55.20944167921956,0.0190644553959979,3,3
oil/Oil_0334.jpg,41.74611448688272,33.423771376863876,99.29337147324149,0.014039277376479068,5,3
oil/Oil_0253.jpg,92.17338493441358,91.19343196754181,98.6392131394986,0.020330331007297107,1,3
oil/Oil_0110.jpg,80.07312934027777,77.35564523377725,121.0157691305297,0.004332067118408222,1,3
oil/Oil_0396.jpg,44.6406356095679,31.442235376815404,82.6153548642926,0.0872497617456012,1,3
oil/Oil_0324.jpg,85.27517843364197,87.27648165355598,132.91862782050237,0.023261579818362903,2,3
oil/Oil_0129.jpg,83.49140721450617,82.79684422503952,120.263834842592,0.007522805828609655,1,3
oil/Oil_0326.jpg,85.49843942901235,87.18166881400151,142.303083182121,0.0341578348225736,3,3
oil/Oil_0261.jpg,35.13399402006173,30.221113753683554,61.97017544186347,0.02381189404432131,2,3
oil/Oil_0028.jpg,81.7783415316358,75.59889324625148,143.11050323979163,0.0531971225521314,1,3
oil/Oil_0352.jpg,38.04582513503087,30.796144306182477,84.02966949448358,0.025851887720260064,1,3
oil/Oil_0108.jpg,79.20695023148149,76.93405982192468,115.38044483772046,0.02344813528361289,1,3
oil/Oil_0187.jpg,45.052366415895065,24.802671350457913,82.44432215801018,0.0021896450911177753,1,3
oil/Oil_0205.jpg,39.71427276234568,28.138679485202772,44.778899230537476,0.026301208331195904,2,3
oil/Oil_0109.jpg,76.01535927854938,75.95365216441797,118.87439370631238,0.0054641181661665055,1,3
good/0009.png,35.43266203703703,29.260575056477975,62.83956830819119,0.0,0,0
good/0008.png,77.35382330246914,79.33756431078635,102.37003807282044,0.0,0,0
good/0018.png,85.88667872299382,92.56101041126207,94.1384591695029,0.0,0,0
good/0002.png,40.04387586805556,28.567743301403773,38.54859155571496,0.0,0,0
good/0019.png,34.986202256944445,27.3618651213856,22.717458688490538,0.0,0,0
good/0001.png,66.51210744598765,67.46725338800655,27.401315163819433,0.0,0,0
good/0014.png,67.16644675925926,69.60219386324428,124.74935885539999,0.0,0,0
good/0011.png,90.64225453317901,80.34708931102773,125.18160818771945,0.0,0,0
good/0003.png,39.66360725308642,31.063306147922773,68.37639847627283,0.0,0,0
good/0012.png,33.97619936342593,26.67200084423926,57.028923567499035,0.0,0,0
good/0015.png,38.977356288580246,28.13867080975579,62.33358842888396,0.0,0,0
good/0013.png,42.62664834104938,29.90862105415911,76.11486201512632,0.0,0,0
good/0006.png,48.328372395833334,32.14257547495251,39.8084721593449,0.0,0,0
good/0017.png,38.008033371913584,29.580978829915743,59.068380356893165,0.0,0,0
good/0010.png,36.71630256558642,31.09993001035846,65.45460352312674,0.0,0,0
good/0005.png,34.01977044753087,24.78932426969786,46.42676068980942,0.0,0,0
good/0016.png,45.12128086419753,26.762305434098305,59.98492848504884,0.0,0,0
good/0004.png,43.8345915316358,32.864008127149376,51.561292535306194,0.0,0,0
good/0007.png,87.92772617669753,82.52879505764356,85.803971599177,0.0,0,0
good/0020.png,79.13066647376543,80.25616381682858,106.43363168193447,0.0,0,0
